,name,team,completed_passes,attempted_passes,passing_yards,passing_touchdowns,interceptions_thrown,times_sacked,yards_lost_from_sacks,longest_pass,quarterback_rating,rush_attempts,rush_yards,rush_touchdowns,longest_rush,times_pass_target,receptions,receiving_yards,receiving_touchdowns,longest_reception,fumbles,fumbles_lost,interceptions,yards_returned_from_interception,interceptions_returned_for_touchdown,longest_interception_return,passes_defended,sacks,combined_tackles,solo_tackles,assists_on_tackles,tackles_for_loss,quarterback_hits,fumbles_recovered,yards_recovered_from_fumble,fumbles_recovered_for_touchdown,fumbles_forced,kickoff_returns,kickoff_return_yards,average_kickoff_return_yards,kickoff_return_touchdown,longest_kickoff_return,punt_returns,punt_return_yards,yards_per_punt_return,punt_return_touchdown,longest_punt_return,extra_points_made,extra_points_attempted,field_goals_made,field_goals_attempted,punts,total_punt_yards,yards_per_punt,longest_punt,season
MahoPa00,Patrick Mahomes,kan,26,49,270,0,2,3,27,33,52.3,5,33,0,11,0,0,0,0,0,1,0,0,0,0,0,0,0.0,0,0,0,0,0,1,0,0,0,,,,,,,,,,,,,,,,,,,2020.0
EdwaCl00,Clyde Edwards-Helaire,kan,0,0,0,0,0,0,0,0,,9,64,0,26,3,2,23,0,18,0,0,,,,,,,,,,,,,,,,,,,,,,,,,,,,,,,,,,2020.0
HillTy00,Tyreek Hill,kan,0,0,0,0,0,0,0,0,,1,5,0,5,10,7,73,0,23,0,0,,,,,,,,,,,,,,,,0,0,,0,0,1,0,0.0,0,0,,,,,,,,,2020.0
WillDa10,Darrel Williams,kan,0,0,0,0,0,0,0,0,,2,5,0,3,7,2,10,0,9,0,0,,,,,,,,,,,,,,,,,,,,,,,,,,,,,,,,,,2020.0
KelcTr00,Travis Kelce,kan,0,0,0,0,0,0,0,0,,0,0,0,0,15,10,133,0,33,0,0,,,,,,,,,,,,,,,,,,,,,,,,,,,,,,,,,,2020.0
WatkSa00,Sammy Watkins,kan,0,0,0,0,0,0,0,0,,0,0,0,0,1,1,13,0,13,0,0,,,,,,,,,,,,,,,,,,,,,,,,,,,,,,,,,,2020.0
RobiDe01,Demarcus Robinson,kan,0,0,0,0,0,0,0,0,,0,0,0,0,2,1,11,0,11,0,0,,,,,,,,,,,,,,,,,,,,,,,,,,,,,,,,,,2020.0
HardMe00,Mecole Hardman,kan,0,0,0,0,0,0,0,0,,0,0,0,0,6,2,4,0,4,0,0,,,,,,,,,,,,,,,,,,,,,,,,,,,,,,,,,,2020.0
PrinBy00,Byron Pringle,kan,0,0,0,0,0,0,0,0,,0,0,0,0,2,1,3,0,3,0,0,,,,,,,,,,,,,,,,3,87,29.0,0,41,0,0,,0,0,,,,,,,,,2020.0
ClarFr01,Frank Clark,kan,,,,,,,,,,,,,,,,,,,,,0,0,0,0,0,1.0,4,2,2,2,1,0,0,0,0,,,,,,,,,,,,,,,,,,,2020.0
WilsDa02,Damien Wilson,kan,,,,,,,,,,,,,,,,,,,,,0,0,0,0,0,0.0,10,6,4,1,0,0,0,0,0,,,,,,,,,,,,,,,,,,,2020.0
NiemBe00,Ben Niemann,kan,,,,,,,,,,,,,,,,,,,,,0,0,0,0,0,0.0,9,4,5,0,0,0,0,0,0,,,,,,,,,,,,,,,,,,,2020.0
SoreDa01,Daniel Sorensen,kan,,,,,,,,,,,,,,,,,,,,,0,0,0,0,0,0.0,6,3,3,0,0,0,0,0,0,,,,,,,,,,,,,,,,,,,2020.0
JoneCh09,Chris Jones,kan,,,,,,,,,,,,,,,,,,,,,0,0,0,0,0,0.0,5,3,2,0,0,0,0,0,0,,,,,,,,,,,,,,,,,,,2020.0
NnadDe00,Derrick Nnadi,kan,,,,,,,,,,,,,,,,,,,,,0,0,0,0,0,0.0,5,1,4,0,0,0,0,0,0,,,,,,,,,,,,,,,,,,,2020.0
WardCh01,Charvarius Ward,kan,,,,,,,,,,,,,,,,,,,,,0,0,0,0,0,0.0,5,3,2,0,0,0,0,0,0,,,,,,,,,,,,,,,,,,,2020.0
BreeBa00,Bashaud Breeland,kan,,,,,,,,,,,,,,,,,,,,,0,0,0,0,0,0.0,4,3,1,0,0,0,0,0,0,,,,,,,,,,,,,,,,,,,2020.0
KpasTa00,Tanoh Kpassagnon,kan,,,,,,,,,,,,,,,,,,,,,0,0,0,0,0,0.0,3,2,1,0,0,0,0,0,0,,,,,,,,,,,,,,,,,,,2020.0
MathTy00,Tyrann Mathieu,kan,,,,,,,,,,,,,,,,,,,,,0,0,0,0,0,0.0,3,2,1,0,0,0,0,0,0,,,,,,,,,,,,,,,,,,,2020.0
SneeLJ00,L'Jarius Sneed,kan,,,,,,,,,,,,,,,,,,,,,0,0,0,0,0,0.0,3,2,1,0,0,0,0,0,0,,,,,,,,,,,,,,,,,,,2020.0
WharTe00,Tershawn Wharton,kan,,,,,,,,,,,,,,,,,,,,,0,0,0,0,0,0.0,2,0,2,0,1,0,0,0,0,,,,,,,,,,,,,,,,,,,2020.0
DannMi00,Michael Danna,kan,,,,,,,,,,,,,,,,,,,,,0,0,0,0,0,0.0,1,0,1,0,0,0,0,0,0,,,,,,,,,,,,,,,,,,,2020.0
HitcAn00,Anthony Hitchens,kan,,,,,,,,,,,,,,,,,,,,,0,0,0,0,1,0.0,1,0,1,0,0,0,0,0,0,,,,,,,,,,,,,,,,,,,2020.0
ODanDo00,Dorian O'Daniel,kan,,,,,,,,,,,,,,,,,,,,,0,0,0,0,0,0.0,1,1,0,0,0,0,0,0,0,,,,,,,,,,,,,,,,,,,2020.0
OkafAl00,Alex Okafor,kan,,,,,,,,,,,,,,,,,,,,,0,0,0,0,0,0.0,1,0,1,0,0,0,0,0,0,,,,,,,,,,,,,,,,,,,2020.0
SherAn00,Anthony Sherman,kan,,,,,,,,,,,,,,,,,,,,,0,0,0,0,0,0.0,1,1,0,0,0,0,0,0,0,,,,,,,,,,,,,,,,,,,2020.0
ThorJu00,Juan Thornhill,kan,,,,,,,,,,,,,,,,,,,,,0,0,0,0,0,0.0,1,1,0,0,0,0,0,0,0,,,,,,,,,,,,,,,,,,,2020.0
WattAr00,Armani Watts,kan,,,,,,,,,,,,,,,,,,,,,0,0,0,0,0,0.0,1,1,0,0,0,0,0,0,0,,,,,,,,,,,,,,,,,,,2020.0
TownTo01,Tommy Townsend,kan,,,,,,,,,,,,,,,,,,,,,,,,,,,,,,,,,,,,,,,,,,,,,,,,,,3,107,35.7,51,2020.0
ButkHa00,Harrison Butker,kan,,,,,,,,,,,,,,,,,,,,,,,,,,,,,,,,,,,,,,,,,,,,,,,,3,3,0,0,,0,2020.0
BradTo00,Tom Brady,tam,21,29,201,3,0,1,6,31,125.8,4,-2,0,0,0,0,0,0,0,1,0,0,0,0,0,0,0.0,0,0,0,0,0,1,-15,-15,0,,,,,,,,,,,,,,,,,,,2020.0
FourLe00,Leonard Fournette,tam,0,0,0,0,0,0,0,0,,16,89,1,27,4,4,46,0,15,0,0,,,,,,,,,,,,,,,,,,,,,,,,,,,,,,,,,,2020.0
JoneRo01,Ronald Jones II,tam,0,0,0,0,0,0,0,0,,12,61,0,13,1,0,0,0,0,0,0,,,,,,,,,,,,,,,,,,,,,,,,,,,,,,,,,,2020.0
GronRo00,Rob Gronkowski,tam,0,0,0,0,0,0,0,0,,0,0,0,0,7,6,67,2,25,0,0,,,,,,,,,,,,,,,,,,,,,,,,,,,,,,,,,,2020.0
EvanMi00,Mike Evans,tam,0,0,0,0,0,0,0,0,,0,0,0,0,1,1,31,0,31,0,0,,,,,,,,,,,,,,,,,,,,,,,,,,,,,,,,,,2020.0
BratCa00,Cameron Brate,tam,0,0,0,0,0,0,0,0,,0,0,0,0,3,3,26,0,15,0,0,,,,,,,,,,,,,,,,,,,,,,,,,,,,,,,,,,2020.0
BrowAn04,Antonio Brown,tam,0,0,0,0,0,0,0,0,,0,0,0,0,6,5,22,1,16,0,0,,,,,,,,,,,,,,,,,,,,,,,,,,,,,,,,,,2020.0
GodwCh00,Chris Godwin,tam,0,0,0,0,0,0,0,0,,0,0,0,0,4,2,9,0,8,0,0,,,,,,,,,,,,,,,,,,,,,,,,,,,,,,,,,,2020.0
HudsTa00,Tanner Hudson,tam,0,0,0,0,0,0,0,0,,0,0,0,0,1,0,0,0,0,0,0,,,,,,,,,,,,,,,,,,,,,,,,,,,,,,,,,,2020.0
JohnTy00,Tyler Johnson,tam,0,0,0,0,0,0,0,0,,0,0,0,0,1,0,0,0,0,0,0,,,,,,,,,,,,,,,,,,,,,,,,,,,,,,,,,,2020.0
HaegJo00,Joe Haeg,tam,0,0,0,0,0,0,0,0,,0,0,0,0,1,0,0,0,0,0,0,,,,,,,,,,,,,,,,,,,,,,,,,,,,,,,,,,2020.0
MillSc01,Scott Miller,tam,0,0,0,0,0,0,0,0,,1,-3,0,-3,0,0,0,0,0,0,0,,,,,,,,,,,,,,,,,,,,,,,,,,,,,,,,,,2020.0
WhitDe02,Devin White,tam,,,,,,,,,,,,,,,,,,,,,1,0,0,0,1,0.0,12,8,4,2,0,0,0,0,0,,,,,,,,,,,,,,,,,,,2020.0
WinfAn00,Antoine Winfield Jr.,tam,,,,,,,,,,,,,,,,,,,,,1,0,0,0,2,0.0,6,4,2,0,0,0,0,0,0,,,,,,,,,,,,,,,,,,,2020.0
SuhxNd99,Ndamukong Suh,tam,,,,,,,,,,,,,,,,,,,,,0,0,0,0,0,1.5,2,1,1,1,2,0,0,0,0,,,,,,,,,,,,,,,,,,,2020.0
BarrSh00,Shaquil Barrett,tam,,,,,,,,,,,,,,,,,,,,,0,0,0,0,0,1.0,1,1,0,1,4,0,0,0,0,,,,,,,,,,,,,,,,,,,2020.0
GillCa00,Cam Gill,tam,,,,,,,,,,,,,,,,,,,,,0,0,0,0,0,0.5,2,1,1,0,0,0,0,0,1,,,,,,,,,,,,,,,,,,,2020.0
DaviLa00,Lavonte David,tam,,,,,,,,,,,,,,,,,,,,,0,0,0,0,2,0.0,6,6,0,0,0,0,0,0,0,,,,,,,,,,,,,,,,,,,2020.0
BuntSe00,Sean Murphy-Bunting,tam,,,,,,,,,,,,,,,,,,,,,0,0,0,0,1,0.0,6,3,3,0,0,0,0,0,0,,,,,,,,,,,,,,,,,,,2020.0
DaviCa02,Carlton Davis,tam,,,,,,,,,,,,,,,,,,,,,0,0,0,0,0,0.0,5,3,2,0,0,0,0,0,0,,,,,,,,,,,,,,,,,,,2020.0
DeanJa00,Jamel Dean,tam,,,,,,,,,,,,,,,,,,,,,0,0,0,0,1,0.0,4,4,0,0,0,0,0,0,0,,,,,,,,,,,,,,,,,,,2020.0
EdwaMi01,Mike Edwards,tam,,,,,,,,,,,,,,,,,,,,,0,0,0,0,1,0.0,4,2,2,0,0,0,0,0,0,,,,,,,,,,,,,,,,,,,2020.0
PierJa99,Jason Pierre-Paul,tam,,,,,,,,,,,,,,,,,,,,,0,0,0,0,1,0.0,3,3,0,0,0,0,0,0,0,,,,,,,,,,,,,,,,,,,2020.0
WhitJo03,Jordan Whitehead,tam,,,,,,,,,,,,,,,,,,,,,0,0,0,0,0,0.0,2,2,0,0,0,0,0,0,0,,,,,,,,,,,,,,,,,,,2020.0
McLeSt00,Steve McLendon,tam,,,,,,,,,,,,,,,,,,,,,0,0,0,0,0,0.0,1,1,0,0,1,0,0,0,0,,,,,,,,,,,,,,,,,,,2020.0
NelsAn01,Anthony Nelson,tam,,,,,,,,,,,,,,,,,,,,,0,0,0,0,0,0.0,1,1,0,0,1,0,0,0,0,,,,,,,,,,,,,,,,,,,2020.0
PiniBr00,Bradley Pinion,tam,,,,,,,,,,,,,,,,,,,,,0,0,0,0,0,0.0,1,1,0,0,0,0,0,0,0,,,,,,,,,,,,,,,4,150,37.5,40,2020.0
VeaxVi00,Vita Vea,tam,,,,,,,,,,,,,,,,,,,,,0,0,0,0,0,0.0,1,1,0,0,0,0,0,0,0,,,,,,,,,,,,,,,,,,,2020.0
GholWi00,William Gholston,tam,,,,,,,,,,,,,,,,,,,,,0,0,0,0,0,0.0,0,0,0,0,1,0,0,0,0,,,,,,,,,,,,,,,,,,,2020.0
MickJa01,Jaydon Mickens,tam,,,,,,,,,,,,,,,,,,,,,,,,,,,,,,,,,,,,3,75,25.0,0,28,0,0,,0,0,,,,,,,,,2020.0
SuccRy44,Ryan Succop,tam,,,,,,,,,,,,,,,,,,,,,,,,,,,,,,,,,,,,,,,,,,,,,,4,4,1,1,0,0,,0,2020.0
BradTo00,Tom Brady,nwe,21,35,262,0,1,1,9,29,71.4,2,-2,0,-1,0,0,0,0,0,1,0,,,,,,,,,,,,,,,,,,,,,,,,,,,,,,,,,,2018.0
MichSo00,Sony Michel,nwe,0,0,0,0,0,0,0,0,,18,94,1,26,2,0,0,0,0,0,0,,,,,,,,,,,,,,,,,,,,,,,,,,,,,,,,,,2018.0
BurkRe00,Rex Burkhead,nwe,0,0,0,0,0,0,0,0,,7,43,0,26,2,2,15,0,8,0,0,,,,,,,,,,,,,,,,,,,,,,,,,,,,,,,,,,2018.0
EdelJu00,Julian Edelman,nwe,0,0,0,0,0,0,0,0,,1,8,0,8,12,10,141,0,27,0,0,,,,,,,,,,,,,,,,0,0,,0,0,2,2,1.0,0,7,,,,,,,,,2018.0
PattCo00,Cordarrelle Patterson,nwe,0,0,0,0,0,0,0,0,,2,7,0,6,2,2,14,0,9,0,0,,,,,,,,,,,,,,,,1,38,38.0,0,38,0,0,,0,0,,,,,,,,,2018.0
WhitJa02,James White,nwe,0,0,0,0,0,0,0,0,,2,4,0,3,4,1,5,0,5,0,0,,,,,,,,,,,,,,,,,,,,,,,,,,,,,,,,,,2018.0
GronRo00,Rob Gronkowski,nwe,0,0,0,0,0,0,0,0,,0,0,0,0,7,6,87,0,29,0,0,,,,,,,,,,,,,,,,,,,,,,,,,,,,,,,,,,2018.0
HogaCh00,Chris Hogan,nwe,0,0,0,0,0,0,0,0,,0,0,0,0,6,0,0,0,0,0,0,,,,,,,,,,,,,,,,,,,,,,,,,,,,,,,,,,2018.0
GilmSt00,Stephon Gilmore,nwe,,,,,,,,,,,,,,,,,,,,,1,0,0,0,3,0.0,5,5,0,0,0,0,0,0,1,,,,,,,,,,,,,,,,,,,2018.0
HighDo01,Dont'a Hightower,nwe,,,,,,,,,,,,,,,,,,,,,0,0,0,0,1,2.0,2,2,0,2,3,0,0,0,0,,,,,,,,,,,,,,,,,,,2018.0
JoneJo03,Jonathan Jones,nwe,,,,,,,,,,,,,,,,,,,,,0,0,0,0,0,1.0,8,6,2,1,1,0,0,0,0,,,,,,,,,,,,,,,,,,,2018.0
VanNKy00,Kyle Van Noy,nwe,,,,,,,,,,,,,,,,,,,,,0,0,0,0,0,1.0,4,4,0,1,3,0,0,0,0,,,,,,,,,,,,,,,,,,,2018.0
McCoJa99,Jason McCourty,nwe,,,,,,,,,,,,,,,,,,,,,0,0,0,0,2,0.0,5,4,1,0,0,0,0,0,0,,,,,,,,,,,,,,,,,,,2018.0
WiseDe00,Deatrich Wise Jr.,nwe,,,,,,,,,,,,,,,,,,,,,0,0,0,0,0,0.0,5,3,2,0,1,0,0,0,0,,,,,,,,,,,,,,,,,,,2018.0
ChunPa99,Patrick Chung,nwe,,,,,,,,,,,,,,,,,,,,,0,0,0,0,1,0.0,4,2,2,0,0,0,0,0,0,,,,,,,,,,,,,,,,,,,2018.0
FlowTr00,Trey Flowers,nwe,,,,,,,,,,,,,,,,,,,,,0,0,0,0,0,0.0,3,2,1,1,2,0,0,0,0,,,,,,,,,,,,,,,,,,,2018.0
BrowMa01,Malcom Brown,nwe,,,,,,,,,,,,,,,,,,,,,0,0,0,0,0,0.0,2,0,2,0,0,0,0,0,0,,,,,,,,,,,,,,,,,,,2018.0
GuyxLa00,Lawrence Guy,nwe,,,,,,,,,,,,,,,,,,,,,0,0,0,0,0,0.0,2,2,0,0,1,0,0,0,0,,,,,,,,,,,,,,,,,,,2018.0
JackJ.00,J.C. Jackson,nwe,,,,,,,,,,,,,,,,,,,,,0,0,0,0,0,0.0,2,1,1,0,0,0,0,0,0,,,,,,,,,,,,,,,,,,,2018.0
McCoDe99,Devin McCourty,nwe,,,,,,,,,,,,,,,,,,,,,0,0,0,0,0,0.0,2,1,1,0,0,0,0,0,0,,,,,,,,,,,,,,,,,,,2018.0
ShelDa01,Danny Shelton,nwe,,,,,,,,,,,,,,,,,,,,,0,0,0,0,0,0.0,2,2,0,1,0,0,0,0,0,,,,,,,,,,,,,,,,,,,2018.0
McClAl00,Albert McClellan,nwe,,,,,,,,,,,,,,,,,,,,,0,0,0,0,0,0.0,1,1,0,1,0,0,0,0,0,,,,,,,,,,,,,,,,,,,2018.0
RobeEl00,Elandon Roberts,nwe,,,,,,,,,,,,,,,,,,,,,0,0,0,0,0,0.0,1,1,0,0,0,0,0,0,0,,,,,,,,,,,,,,,,,,,2018.0
SlatMa00,Matthew Slater,nwe,,,,,,,,,,,,,,,,,,,,,0,0,0,0,0,0.0,1,1,0,0,0,0,0,0,0,,,,,,,,,,,,,,,,,,,2018.0
AndrDa00,David Andrews,nwe,,,,,,,,,,,,,,,,,,,,,0,0,0,0,0,0.0,0,0,0,,,1,0,0,0,,,,,,,,,,,,,,,,,,,2018.0
ClayAd00,Adrian Clayborn,nwe,,,,,,,,,,,,,,,,,,,,,0,0,0,0,0,0.0,0,0,0,0,1,0,0,0,0,,,,,,,,,,,,,,,,,,,2018.0
SimoJo01,John Simon,nwe,,,,,,,,,,,,,,,,,,,,,0,0,0,0,1,0.0,0,0,0,0,0,0,0,0,0,,,,,,,,,,,,,,,,,,,2018.0
GostSt20,Stephen Gostkowski,nwe,,,,,,,,,,,,,,,,,,,,,,,,,,,,,,,,,,,,,,,,,,,,,,1,1,2,3,0,0,,0,2018.0
AlleRy01,Ryan Allen,nwe,,,,,,,,,,,,,,,,,,,,,,,,,,,,,,,,,,,,,,,,,,,,,,,,,,5,215,43.0,53,2018.0
GoffJa00,Jared Goff,ram,19,38,229,0,1,4,31,24,57.9,0,0,0,0,0,0,0,0,0,0,0,,,,,,,,,,,,,,,,,,,,,,,,,,,,,,,,,,2018.0
GurlTo01,Todd Gurley,ram,0,0,0,0,0,0,0,0,,10,35,0,16,2,1,-1,0,-1,0,0,,,,,,,,,,,,,,,,,,,,,,,,,,,,,,,,,,2018.0
AndeC.00,C.J. Anderson,ram,0,0,0,0,0,0,0,0,,7,22,0,5,3,2,12,0,9,1,0,,,,,,,,,,,,,,,,,,,,,,,,,,,,,,,,,,2018.0
WoodRo02,Robert Woods,ram,0,0,0,0,0,0,0,0,,1,5,0,5,10,5,70,0,18,0,0,,,,,,,,,,,,,,,,,,,,,,,,,,,,,,,,,,2018.0
CookBr00,Brandin Cooks,ram,0,0,0,0,0,0,0,0,,0,0,0,0,13,8,120,0,24,0,0,,,,,,,,,,,,,,,,,,,,,,,,,,,,,,,,,,2018.0
ReynJo00,Josh Reynolds,ram,0,0,0,0,0,0,0,0,,0,0,0,0,7,3,28,0,11,0,0,,,,,,,,,,,,,,,,,,,,,,,,,,,,,,,,,,2018.0
EverGe00,Gerald Everett,ram,0,0,0,0,0,0,0,0,,0,0,0,0,1,0,0,0,0,0,0,,,,,,,,,,,,,,,,,,,,,,,,,,,,,,,,,,2018.0
LittCo01,Cory Littleton,ram,,,,,,,,,,,,,,,,,,,,,1,0,0,0,2,0.0,10,6,4,0,0,0,0,0,0,,,,,,,,,,,,,,,,,,,2018.0
FranJo02,John Franklin-Myers,ram,,,,,,,,,,,,,,,,,,,,,0,0,0,0,0,1.0,1,1,0,,,0,0,0,1,,,,,,,,,,,,,,,,,,,2018.0
BarrMa00,Mark Barron,ram,,,,,,,,,,,,,,,,,,,,,0,0,0,0,1,0.0,8,3,5,0,0,0,0,0,0,,,,,,,,,,,,,,,,,,,2018.0
BrocMi00,Michael Brockers,ram,,,,,,,,,,,,,,,,,,,,,0,0,0,0,0,0.0,7,5,2,0,0,0,0,0,0,,,,,,,,,,,,,,,,,,,2018.0
JohnJo10,John Johnson,ram,,,,,,,,,,,,,,,,,,,,,0,0,0,0,0,0.0,7,5,2,0,0,0,0,0,0,,,,,,,,,,,,,,,,,,,2018.0
PeteMa00,Marcus Peters,ram,,,,,,,,,,,,,,,,,,,,,0,0,0,0,1,0.0,7,5,2,0,0,0,0,0,0,,,,,,,,,,,,,,,,,,,2018.0
JoynLa00,Lamarcus Joyner,ram,,,,,,,,,,,,,,,,,,,,,0,0,0,0,0,0.0,6,4,2,0,0,0,0,0,0,,,,,,,,,,,,,,,,,,,2018.0
DonaAa00,Aaron Donald,ram,,,,,,,,,,,,,,,,,,,,,0,0,0,0,0,0.0,5,1,4,0,1,0,0,0,0,,,,,,,,,,,,,,,,,,,2018.0
EbukSa00,Samson Ebukam,ram,,,,,,,,,,,,,,,,,,,,,0,0,0,0,0,0.0,4,4,0,0,0,0,0,0,0,,,,,,,,,,,,,,,,,,,2018.0
FowlDa00,Dante Fowler,ram,,,,,,,,,,,,,,,,,,,,,0,0,0,0,0,0.0,4,4,0,2,0,0,0,0,0,,,,,,,,,,,,,,,,,,,2018.0
TaliAq99,Aqib Talib,ram,,,,,,,,,,,,,,,,,,,,,0,0,0,0,0,0.0,4,4,0,0,1,0,0,0,0,,,,,,,,,,,,,,,,,,,2018.0
RobeNi00,Nickell Robey-Coleman,ram,,,,,,,,,,,,,,,,,,,,,0,0,0,0,1,0.0,2,1,1,0,0,0,0,0,0,,,,,,,,,,,,,,,,,,,2018.0
SuhxNd99,Ndamukong Suh,ram,,,,,,,,,,,,,,,,,,,,,0,0,0,0,0,0.0,2,1,1,0,1,0,0,0,0,,,,,,,,,,,,,,,,,,,2018.0
MundJo00,Johnny Mundt,ram,,,,,,,,,,,,,,,,,,,,,0,0,0,0,0,0.0,1,1,0,0,0,0,0,0,0,,,,,,,,,,,,,,,,,,,2018.0
ZuerGr00,Greg Zuerlein,ram,,,,,,,,,,,,,,,,,,,,,0,0,0,0,0,0.0,1,1,0,0,0,0,0,0,0,,,,,,,,,,,,,1,2,0,0,,0,2018.0
NatsJo00,Jojo Natson,ram,,,,,,,,,,,,,,,,,,,,,,,,,,,,,,,,,,,,1,27,27.0,0,27,2,12,6.0,0,13,,,,,,,,,2018.0
HekkJo00,Johnny Hekker,ram,,,,,,,,,,,,,,,,,,,,,,,,,,,,,,,,,,,,,,,,,,,,,,,,,,9,417,46.3,65,2018.0
BradTo00,Tom Brady,nwe,28,48,505,3,0,1,5,50,115.4,1,6,0,6,1,0,0,0,0,1,1,,,,,,,,,,,,,,,,,,,,,,,,,,,,,,,,,,2017.0
AmenDa00,Danny Amendola,nwe,0,1,0,0,0,0,0,0,39.6,0,0,0,0,11,8,152,0,50,0,0,,,,,,,,,,,,,,,,,,,,,,,,,,,,,,,,,,2017.0
WhitJa02,James White,nwe,0,0,0,0,0,0,0,0,,7,45,1,26,6,2,21,0,15,0,0,,,,,,,,,,,,,,,,,,,,,,,,,,,,,,,,,,2017.0
LewiDi00,Dion Lewis,nwe,0,0,0,0,0,0,0,0,,9,39,0,8,0,0,0,0,0,0,0,,,,,,,,,,,,,,,,3,45,15.0,0,25,0,0,,0,0,,,,,,,,,2017.0
BurkRe00,Rex Burkhead,nwe,0,0,0,0,0,0,0,0,,3,18,0,9,1,1,46,0,46,0,0,,,,,,,,,,,,,,,,,,,,,,,,,,,,,,,,,,2017.0
HogaCh00,Chris Hogan,nwe,0,0,0,0,0,0,0,0,,1,4,0,4,8,6,128,1,43,0,0,,,,,,,,,,,,,,,,,,,,,,,,,,,,,,,,,,2017.0
CookBr00,Brandin Cooks,nwe,0,0,0,0,0,0,0,0,,1,1,0,1,2,1,23,0,23,0,0,,,,,,,,,,,,,,,,,,,,,,,,,,,,,,,,,,2017.0
GronRo00,Rob Gronkowski,nwe,0,0,0,0,0,0,0,0,,0,0,0,0,15,9,116,2,25,0,0,,,,,,,,,,,,,,,,,,,,,,,,,,,,,,,,,,2017.0
DorsPh00,Phillip Dorsett,nwe,0,0,0,0,0,0,0,0,,0,0,0,0,2,1,19,0,19,0,0,,,,,,,,,,,,,,,,,,,,,,,,,,,,,,,,,,2017.0
DeveJa00,James Develin,nwe,0,0,0,0,0,0,0,0,,0,0,0,0,1,0,0,0,0,0,0,,,,,,,,,,,,,,,,,,,,,,,,,,,,,,,,,,2017.0
HarmDu00,Duron Harmon,nwe,,,,,,,,,,,,,,,,,,,,,1,8,0,8,1,0.0,5,3,2,0,0,0,0,0,0,,,,,,,,,,,,,,,,,,,2017.0
ChunPa99,Patrick Chung,nwe,,,,,,,,,,,,,,,,,,,,,0,0,0,0,0,0.0,10,7,3,0,0,0,0,0,0,,,,,,,,,,,,,,,,,,,2017.0
McCoDe99,Devin McCourty,nwe,,,,,,,,,,,,,,,,,,,,,0,0,0,0,2,0.0,7,6,1,0,0,0,0,0,0,,,,,,,,,,,,,,,,,,,2017.0
BrowMa01,Malcom Brown,nwe,,,,,,,,,,,,,,,,,,,,,0,0,0,0,0,0.0,6,2,4,0,0,0,0,0,0,,,,,,,,,,,,,,,,,,,2017.0
GuyxLa00,Lawrence Guy,nwe,,,,,,,,,,,,,,,,,,,,,0,0,0,0,0,0.0,6,3,3,0,0,0,0,0,0,,,,,,,,,,,,,,,,,,,2017.0
RobeEl00,Elandon Roberts,nwe,,,,,,,,,,,,,,,,,,,,,0,0,0,0,0,0.0,6,2,4,0,0,0,0,0,0,,,,,,,,,,,,,,,,,,,2017.0
FlowTr00,Trey Flowers,nwe,,,,,,,,,,,,,,,,,,,,,0,0,0,0,0,0.0,5,2,3,1,2,0,0,0,0,,,,,,,,,,,,,,,,,,,2017.0
RichJo00,Jordan Richards,nwe,,,,,,,,,,,,,,,,,,,,,0,0,0,0,0,0.0,5,3,2,0,0,0,0,0,0,,,,,,,,,,,,,,,,,,,2017.0
VanNKy00,Kyle Van Noy,nwe,,,,,,,,,,,,,,,,,,,,,0,0,0,0,0,0.0,5,4,1,1,1,0,0,0,0,,,,,,,,,,,,,,,,,,,2017.0
GilmSt00,Stephon Gilmore,nwe,,,,,,,,,,,,,,,,,,,,,0,0,0,0,2,0.0,4,4,0,0,0,0,0,0,0,,,,,,,,,,,,,,,,,,,2017.0
RoweEr00,Eric Rowe,nwe,,,,,,,,,,,,,,,,,,,,,0,0,0,0,2,0.0,4,4,0,0,0,0,0,0,0,,,,,,,,,,,,,,,,,,,2017.0
HarrJa23,James Harrison,nwe,,,,,,,,,,,,,,,,,,,,,0,0,0,0,0,0.0,2,1,1,0,2,0,0,0,0,,,,,,,,,,,,,,,,,,,2017.0
BadeJo00,Johnson Bademosi,nwe,,,,,,,,,,,,,,,,,,,,,0,0,0,0,0,0.0,1,1,0,0,0,0,0,0,0,,,,,,,,,,,,,,,,,,,2017.0
ButlAd00,Adam Butler,nwe,,,,,,,,,,,,,,,,,,,,,0,0,0,0,0,0.0,1,1,0,1,0,0,0,0,0,,,,,,,,,,,,,,,,,,,2017.0
FlowMa00,Marquis Flowers,nwe,,,,,,,,,,,,,,,,,,,,,0,0,0,0,0,0.0,1,1,0,1,0,0,0,0,0,,,,,,,,,,,,,,,,,,,2017.0
GostSt20,Stephen Gostkowski,nwe,,,,,,,,,,,,,,,,,,,,,0,0,0,0,0,0.0,1,1,0,0,0,0,0,0,0,,,,,,,,,,,3,4,2,3,0,0,,0,2017.0
KingBr02,Brandon King,nwe,,,,,,,,,,,,,,,,,,,,,0,0,0,0,0,0.0,1,0,1,0,0,0,0,0,0,,,,,,,,,,,,,,,,,,,2017.0
FoleNi00,Nick Foles,phi,28,43,373,3,1,0,0,55,106.1,0,0,0,0,1,1,1,1,1,0,0,,,,,,,,,,,,,,,,,,,,,,,,,,,,,,,,,,2017.0
BurtTr01,Trey Burton,phi,1,1,1,1,0,0,0,1,118.7,0,0,0,0,1,0,0,0,0,0,0,0,0,0,0,0,0.0,1,0,1,0,0,0,0,0,0,,,,,,,,,,,,,,,,,,,2017.0
BlouLe00,LeGarrette Blount,phi,0,0,0,0,0,0,0,0,,14,90,1,36,0,0,0,0,0,0,0,,,,,,,,,,,,,,,,,,,,,,,,,,,,,,,,,,2017.0
AjayJa00,Jay Ajayi,phi,0,0,0,0,0,0,0,0,,9,57,0,26,0,0,0,0,0,0,0,,,,,,,,,,,,,,,,,,,,,,,,,,,,,,,,,,2017.0
AghoNe00,Nelson Agholor,phi,0,0,0,0,0,0,0,0,,1,9,0,9,11,9,84,0,24,0,0,,,,,,,,,,,,,,,,,,,,,,,,,,,,,,,,,,2017.0
ClemCo00,Corey Clement,phi,0,0,0,0,0,0,0,0,,3,8,0,6,5,4,100,1,55,0,0,,,,,,,,,,,,,,,,1,25,25.0,0,25,0,0,,0,0,,,,,,,,,2017.0
JeffAl00,Alshon Jeffery,phi,0,0,0,0,0,0,0,0,,0,0,0,0,8,3,73,1,34,0,0,,,,,,,,,,,,,,,,,,,,,,,,,,,,,,,,,,2017.0
ErtzZa00,Zach Ertz,phi,0,0,0,0,0,0,0,0,,0,0,0,0,9,7,67,1,19,0,0,,,,,,,,,,,,,,,,,,,,,,,,,,,,,,,,,,2017.0
SmitTo02,Torrey Smith,phi,0,0,0,0,0,0,0,0,,0,0,0,0,9,5,49,0,17,0,0,,,,,,,,,,,,,,,,,,,,,,,,,,,,,,,,,,2017.0
GrahBr99,Brandon Graham,phi,,,,,,,,,,,,,,,,,,,,,0,0,0,0,0,1.0,2,2,0,0,2,0,0,0,1,,,,,,,,,,,,,,,,,,,2017.0
MillJa02,Jalen Mills,phi,,,,,,,,,,,,,,,,,,,,,0,0,0,0,2,0.0,9,6,3,0,0,0,0,0,0,,,,,,,,,,,,,,,,,,,2017.0
GrahCo99,Corey Graham,phi,,,,,,,,,,,,,,,,,,,,,0,0,0,0,0,0.0,8,5,3,0,0,0,0,0,0,,,,,,,,,,,,,,,,,,,2017.0
BradNi00,Nigel Bradham,phi,,,,,,,,,,,,,,,,,,,,,0,0,0,0,0,0.0,7,4,3,0,1,0,0,0,0,,,,,,,,,,,,,,,,,,,2017.0
McLeRo00,Rodney McLeod,phi,,,,,,,,,,,,,,,,,,,,,0,0,0,0,1,0.0,6,4,2,0,0,0,0,0,0,,,,,,,,,,,,,,,,,,,2017.0
CurrVi00,Vinny Curry,phi,,,,,,,,,,,,,,,,,,,,,0,0,0,0,0,0.0,4,2,2,0,0,0,0,0,0,,,,,,,,,,,,,,,,,,,2017.0
DarbRo00,Ronald Darby,phi,,,,,,,,,,,,,,,,,,,,,0,0,0,0,2,0.0,4,4,0,0,0,0,0,0,0,,,,,,,,,,,,,,,,,,,2017.0
JenkMa99,Malcolm Jenkins,phi,,,,,,,,,,,,,,,,,,,,,0,0,0,0,1,0.0,4,4,0,0,0,0,0,0,0,,,,,,,,,,,,,,,,,,,2017.0
KendMy00,Mychal Kendricks,phi,,,,,,,,,,,,,,,,,,,,,0,0,0,0,0,0.0,4,2,2,0,0,0,0,0,0,,,,,,,,,,,,,,,,,,,2017.0
RobiPa99,Patrick Robinson,phi,,,,,,,,,,,,,,,,,,,,,0,0,0,0,0,0.0,3,3,0,0,0,0,0,0,0,,,,,,,,,,,,,,,,,,,2017.0
AlleBe00,Beau Allen,phi,,,,,,,,,,,,,,,,,,,,,0,0,0,0,0,0.0,2,1,1,0,0,0,0,0,0,,,,,,,,,,,,,,,,,,,2017.0
GoodNa00,Najee Goode,phi,,,,,,,,,,,,,,,,,,,,,0,0,0,0,0,0.0,2,1,1,0,0,0,0,0,0,,,,,,,,,,,,,,,,,,,2017.0
BramBr00,Bryan Braman,phi,,,,,,,,,,,,,,,,,,,,,0,0,0,0,0,0.0,1,1,0,0,0,0,0,0,0,,,,,,,,,,,,,,,,,,,2017.0
CoxxFl00,Fletcher Cox,phi,,,,,,,,,,,,,,,,,,,,,0,0,0,0,0,0.0,1,1,0,0,2,0,0,0,0,,,,,,,,,,,,,,,,,,,2017.0
JernTi00,Timmy Jernigan,phi,,,,,,,,,,,,,,,,,,,,,0,0,0,0,0,0.0,1,0,1,0,2,0,0,0,0,,,,,,,,,,,,,,,,,,,2017.0
LongCh99,Chris Long,phi,,,,,,,,,,,,,,,,,,,,,0,0,0,0,0,0.0,1,0,1,0,2,0,0,0,0,,,,,,,,,,,,,,,,,,,2017.0
BarnDe01,Derek Barnett,phi,,,,,,,,,,,,,,,,,,,,,0,0,0,0,0,0.0,0,0,0,0,0,1,-3,-3,0,,,,,,,,,,,,,,,,,,,2017.0
BarnKe00,Kenjon Barner,phi,,,,,,,,,,,,,,,,,,,,,,,,,,,,,,,,,,,,3,73,24.3,0,27,0,0,,0,0,,,,,,,,,2017.0
ElliJa03,Jake Elliott,phi,,,,,,,,,,,,,,,,,,,,,,,,,,,,,,,,,,,,,,,,,,,,,,2,3,3,3,0,0,,0,2017.0
JoneDo21,Donnie Jones,phi,,,,,,,,,,,,,,,,,,,,,,,,,,,,,,,,,,,,,,,,,,,,,,,,,,1,41,41.0,41,2017.0
RyanMa00,Matt Ryan,atl,17,23,284,2,0,5,44,39,144.1,0,0,0,0,0,0,0,0,0,1,1,,,,,,,,,,,,,,,,,,,,,,,,,,,,,,,,,,2016.0
FreeDe00,Devonta Freeman,atl,0,0,0,0,0,0,0,0,,11,75,1,37,2,2,46,0,39,0,0,,,,,,,,,,,,,,,,,,,,,,,,,,,,,,,,,,2016.0
ColeTe01,Tevin Coleman,atl,0,0,0,0,0,0,0,0,,7,29,0,9,1,1,6,1,6,0,0,,,,,,,,,,,,,,,,,,,,,,,,,,,,,,,,,,2016.0
JoneJu02,Julio Jones,atl,0,0,0,0,0,0,0,0,,0,0,0,0,4,4,87,0,27,0,0,,,,,,,,,,,,,,,,,,,,,,,,,,,,,,,,,,2016.0
GabrTa00,Taylor Gabriel,atl,0,0,0,0,0,0,0,0,,0,0,0,0,5,3,76,0,35,0,0,,,,,,,,,,,,,,,,,,,,,,,,,,,,,,,,,,2016.0
HoopAu00,Austin Hooper,atl,0,0,0,0,0,0,0,0,,0,0,0,0,6,3,32,1,19,0,0,,,,,,,,,,,,,,,,,,,,,,,,,,,,,,,,,,2016.0
SanuMo00,Mohamed Sanu,atl,0,0,0,0,0,0,0,0,,0,0,0,0,2,2,25,0,13,0,0,,,,,,,,,,,,,,,,,,,,,,,,,,,,,,,,,,2016.0
DiMaPa00,Patrick DiMarco,atl,0,0,0,0,0,0,0,0,,0,0,0,0,2,2,12,0,10,0,0,0,0,0,0,0,0.0,1,0,1,0,0,0,0,0,0,1,0,0.0,0,0,0,0,,0,0,,,,,,,,,2016.0
AlfoRo00,Robert Alford,atl,,,,,,,,,,,,,,,,,,,,,1,82,1,82,3,0.0,11,9,2,0,0,1,0,0,0,,,,,,,,,,,,,,,,,,,2016.0
JarrGr00,Grady Jarrett,atl,,,,,,,,,,,,,,,,,,,,,0,0,0,0,0,3.0,5,4,1,3,4,0,0,0,0,,,,,,,,,,,,,,,,,,,2016.0
FreeDw00,Dwight Freeney,atl,,,,,,,,,,,,,,,,,,,,,0,0,0,0,0,1.0,1,1,0,1,1,0,0,0,0,,,,,,,,,,,,,,,,,,,2016.0
UpshCo00,Courtney Upshaw,atl,,,,,,,,,,,,,,,,,,,,,0,0,0,0,0,1.0,1,1,0,1,1,0,0,0,0,,,,,,,,,,,,,,,,,,,2016.0
NealKe01,Keanu Neal,atl,,,,,,,,,,,,,,,,,,,,,0,0,0,0,0,0.0,13,9,4,0,0,0,0,0,0,,,,,,,,,,,,,,,,,,,2016.0
CollJa02,Jalen Collins,atl,,,,,,,,,,,,,,,,,,,,,0,0,0,0,0,0.0,11,10,1,0,0,0,0,0,0,,,,,,,,,,,,,,,,,,,2016.0
JoneDe01,Deion Jones,atl,,,,,,,,,,,,,,,,,,,,,0,0,0,0,1,0.0,9,7,2,1,0,0,0,0,1,,,,,,,,,,,,,,,,,,,2016.0
AlleRi00,Ricardo Allen,atl,,,,,,,,,,,,,,,,,,,,,0,0,0,0,0,0.0,7,3,4,0,0,0,0,0,0,,,,,,,,,,,,,,,,,,,2016.0
CampDe00,De'Vondre Campbell,atl,,,,,,,,,,,,,,,,,,,,,0,0,0,0,0,0.0,4,3,1,0,0,0,0,0,0,,,,,,,,,,,,,,,,,,,2016.0
PoolBr01,Brian Poole,atl,,,,,,,,,,,,,,,,,,,,,0,0,0,0,0,0.0,4,3,1,1,0,0,0,0,0,,,,,,,,,,,,,,,,,,,2016.0
GoodC.00,C.J. Goodwin,atl,,,,,,,,,,,,,,,,,,,,,0,0,0,0,1,0.0,3,2,1,0,0,0,0,0,0,,,,,,,,,,,,,,,,,,,2016.0
ReedBr00,Brooks Reed,atl,,,,,,,,,,,,,,,,,,,,,0,0,0,0,0,0.0,3,2,1,1,0,0,0,0,0,,,,,,,,,,,,,,,,,,,2016.0
HageRa00,Ra'Shede Hageman,atl,,,,,,,,,,,,,,,,,,,,,0,0,0,0,0,0.0,2,2,0,0,0,0,0,0,0,,,,,,,,,,,,,,,,,,,2016.0
OlatAy00,Ayodeji Olatoye,atl,,,,,,,,,,,,,,,,,,,,,0,0,0,0,0,0.0,2,1,1,,,0,0,0,0,,,,,,,,,,,,,,,,,,,2016.0
WeemEr00,Eric Weems,atl,,,,,,,,,,,,,,,,,,,,,0,0,0,0,0,0.0,2,2,0,0,0,0,0,0,0,2,25,12.5,0,14,1,0,0.0,0,0,,,,,,,,,2016.0
BabiJo20,Jonathan Babineaux,atl,,,,,,,,,,,,,,,,,,,,,0,0,0,0,0,0.0,1,0,1,0,1,0,0,0,0,,,,,,,,,,,,,,,,,,,2016.0
HardJu00,Justin Hardy,atl,,,,,,,,,,,,,,,,,,,,,0,0,0,0,0,0.0,1,1,0,0,0,0,0,0,0,2,17,8.5,0,10,0,0,,0,0,,,,,,,,,2016.0
JackTy98,Tyson Jackson,atl,,,,,,,,,,,,,,,,,,,,,0,0,0,0,0,0.0,1,1,0,0,1,0,0,0,0,,,,,,,,,,,,,,,,,,,2016.0
NeasSh00,Sharrod Neasman,atl,,,,,,,,,,,,,,,,,,,,,0,0,0,0,0,0.0,1,1,0,0,0,0,0,0,0,,,,,,,,,,,,,,,,,,,2016.0
VellJo00,Joe Vellano,atl,,,,,,,,,,,,,,,,,,,,,0,0,0,0,0,0.0,1,0,1,0,0,0,0,0,0,,,,,,,,,,,,,,,,,,,2016.0
WheePh99,Philip Wheeler,atl,,,,,,,,,,,,,,,,,,,,,0,0,0,0,0,0.0,1,1,0,0,0,0,0,0,0,,,,,,,,,,,,,,,,,,,2016.0
BeasVi00,Vic Beasley,atl,,,,,,,,,,,,,,,,,,,,,0,0,0,0,1,0.0,0,0,0,0,1,0,0,0,0,,,,,,,,,,,,,,,,,,,2016.0
GarlBe00,Ben Garland,atl,,,,,,,,,,,,,,,,,,,,,0,0,0,0,0,0.0,0,0,0,1,1,0,0,0,0,,,,,,,,,,,,,,,,,,,2016.0
bryanmat01,Matt Bryant,atl,,,,,,,,,,,,,,,,,,,,,,,,,,,,,,,,,,,,,,,,,,,,,,4,4,,,0,0,,0,2016.0
BoshMa00,Matthew Bosher,atl,,,,,,,,,,,,,,,,,,,,,,,,,,,,,,,,,,,,,,,,,,,,,,,,,,6,282,47.0,56,2016.0
BradTo00,Tom Brady,nwe,43,62,466,2,1,5,24,28,95.2,1,15,0,15,0,0,0,0,0,0,0,,,,,,,,,,,,,,,,,,,,,,,,,,,,,,,,,,2016.0
EdelJu00,Julian Edelman,nwe,0,1,0,0,0,0,0,0,39.6,1,2,0,2,13,5,87,0,27,0,0,,,,,,,,,,,,,,,,0,0,,0,0,3,40,13.3,0,26,,,,,,,,,2016.0
BlouLe00,LeGarrette Blount,nwe,0,0,0,0,0,0,0,0,,11,31,0,9,0,0,0,0,0,1,1,,,,,,,,,,,,,,,,,,,,,,,,,,,,,,,,,,2016.0
WhitJa02,James White,nwe,0,0,0,0,0,0,0,0,,6,29,2,10,16,14,110,1,28,0,0,,,,,,,,,,,,,,,,,,,,,,,,,,,,,,,,,,2016.0
LewiDi00,Dion Lewis,nwe,0,0,0,0,0,0,0,0,,6,27,0,13,3,1,2,0,2,0,0,,,,,,,,,,,,,,,,1,20,20.0,0,20,0,0,,0,0,,,,,,,,,2016.0
AmenDa00,Danny Amendola,nwe,0,0,0,0,0,0,0,0,,0,0,0,0,11,8,78,1,20,0,0,,,,,,,,,,,,,,,,,,,,,,,,,,,,,,,,,,2016.0
MitcMa01,Malcolm Mitchell,nwe,0,0,0,0,0,0,0,0,,0,0,0,0,7,6,70,0,18,0,0,,,,,,,,,,,,,,,,,,,,,,,,,,,,,,,,,,2016.0
BennMa00,Martellus Bennett,nwe,0,0,0,0,0,0,0,0,,0,0,0,0,6,5,62,0,25,0,0,,,,,,,,,,,,,,,,,,,,,,,,,,,,,,,,,,2016.0
HogaCh00,Chris Hogan,nwe,0,0,0,0,0,0,0,0,,0,0,0,0,7,4,57,0,18,0,0,,,,,,,,,,,,,,,,,,,,,,,,,,,,,,,,,,2016.0
FlowTr00,Trey Flowers,nwe,,,,,,,,,,,,,,,,,,,,,0,0,0,0,0,2.5,6,4,2,2,5,0,0,0,0,,,,,,,,,,,,,,,,,,,2016.0
HighDo01,Dont'a Hightower,nwe,,,,,,,,,,,,,,,,,,,,,0,0,0,0,0,1.0,2,2,0,1,2,0,0,0,1,,,,,,,,,,,,,,,,,,,2016.0
BranAl99,Alan Branch,nwe,,,,,,,,,,,,,,,,,,,,,0,0,0,0,0,0.5,3,1,2,0,1,1,0,0,0,,,,,,,,,,,,,,,,,,,2016.0
SheaJa00,Jabaal Sheard,nwe,,,,,,,,,,,,,,,,,,,,,0,0,0,0,0,0.5,2,1,1,0,1,0,0,0,0,,,,,,,,,,,,,,,,,,,2016.0
VanNKy00,Kyle Van Noy,nwe,,,,,,,,,,,,,,,,,,,,,0,0,0,0,0,0.5,1,0,1,0,1,0,0,0,0,,,,,,,,,,,,,,,,,,,2016.0
ChunPa99,Patrick Chung,nwe,,,,,,,,,,,,,,,,,,,,,0,0,0,0,2,0.0,6,5,1,0,0,0,0,0,0,0,0,,0,0,1,-1,-1.0,0,-1,,,,,,,,,2016.0
RyanLo00,Logan Ryan,nwe,,,,,,,,,,,,,,,,,,,,,0,0,0,0,0,0.0,6,4,2,0,0,0,0,0,0,,,,,,,,,,,,,,,,,,,2016.0
McCoDe99,Devin McCourty,nwe,,,,,,,,,,,,,,,,,,,,,0,0,0,0,0,0.0,5,4,1,1,0,0,0,0,0,,,,,,,,,,,,,,,,,,,2016.0
RoweEr00,Eric Rowe,nwe,,,,,,,,,,,,,,,,,,,,,0,0,0,0,1,0.0,4,3,1,0,0,0,0,0,0,,,,,,,,,,,,,,,,,,,2016.0
HarmDu00,Duron Harmon,nwe,,,,,,,,,,,,,,,,,,,,,0,0,0,0,0,0.0,3,3,0,0,0,0,0,0,0,,,,,,,,,,,,,,,,,,,2016.0
ButlMa01,Malcolm Butler,nwe,,,,,,,,,,,,,,,,,,,,,0,0,0,0,0,0.0,2,1,1,0,0,0,0,0,0,,,,,,,,,,,,,,,,,,,2016.0
MingBa00,Barkevious Mingo,nwe,,,,,,,,,,,,,,,,,,,,,0,0,0,0,0,0.0,2,2,0,0,0,0,0,0,0,,,,,,,,,,,,,,,,,,,2016.0
NinkRo20,Rob Ninkovich,nwe,,,,,,,,,,,,,,,,,,,,,0,0,0,0,0,0.0,2,0,2,0,0,0,0,0,0,,,,,,,,,,,,,,,,,,,2016.0
RobeEl00,Elandon Roberts,nwe,,,,,,,,,,,,,,,,,,,,,0,0,0,0,0,0.0,2,2,0,0,0,0,0,0,0,,,,,,,,,,,,,,,,,,,2016.0
BoldBr00,Brandon Bolden,nwe,,,,,,,,,,,,,,,,,,,,,0,0,0,0,0,0.0,1,1,0,0,0,0,0,0,0,,,,,,,,,,,,,,,,,,,2016.0
BrowMa01,Malcom Brown,nwe,,,,,,,,,,,,,,,,,,,,,0,0,0,0,0,0.0,1,0,1,0,0,0,0,0,0,,,,,,,,,,,,,,,,,,,2016.0
EbneNa00,Nate Ebner,nwe,,,,,,,,,,,,,,,,,,,,,0,0,0,0,0,0.0,1,1,0,0,0,0,0,0,0,,,,,,,,,,,,,,,,,,,2016.0
JoneJo03,Jonathan Jones,nwe,,,,,,,,,,,,,,,,,,,,,0,0,0,0,0,0.0,1,1,0,0,0,0,0,0,0,,,,,,,,,,,,,,,,,,,2016.0
LongCh99,Chris Long,nwe,,,,,,,,,,,,,,,,,,,,,0,0,0,0,0,0.0,0,0,0,0,1,0,0,0,0,,,,,,,,,,,,,,,,,,,2016.0
McClSh00,Shea McClellin,nwe,,,,,,,,,,,,,,,,,,,,,0,0,0,0,0,0.0,0,0,0,0,1,0,0,0,0,,,,,,,,,,,,,,,,,,,2016.0
GostSt20,Stephen Gostkowski,nwe,,,,,,,,,,,,,,,,,,,,,,,,,,,,,,,,,,,,,,,,,,,,,,,1,2,2,0,0,,0,2016.0
AlleRy01,Ryan Allen,nwe,,,,,,,,,,,,,,,,,,,,,,,,,,,,,,,,,,,,,,,,,,,,,,,,,,4,166,41.5,51,2016.0
BradTo00,Tom Brady,nwe,37,50,328,4,2,1,8,23,101.1,2,-3,0,-1,0,0,0,0,0,0,0,,,,,,,,,,,,,,,,,,,,,,,,,,,,,,,,,,2014.0
BlouLe00,LeGarrette Blount,nwe,0,0,0,0,0,0,0,0,,14,40,0,9,0,0,0,0,0,0,0,,,,,,,,,,,,,,,,,,,,,,,,,,,,,,,,,,2014.0
VereSh00,Shane Vereen,nwe,0,0,0,0,0,0,0,0,,4,13,0,7,12,11,64,0,16,0,0,,,,,,,,,,,,,,,,,,,,,,,,,,,,,,,,,,2014.0
EdelJu00,Julian Edelman,nwe,0,0,0,0,0,0,0,0,,1,7,0,7,12,9,109,1,23,0,0,,,,,,,,,,,,,,,,0,0,,0,0,3,27,9.0,0,15,,,,,,,,,2014.0
GronRo00,Rob Gronkowski,nwe,0,0,0,0,0,0,0,0,,0,0,0,0,10,6,68,1,22,0,0,,,,,,,,,,,,,,,,,,,,,,,,,,,,,,,,,,2014.0
AmenDa00,Danny Amendola,nwe,0,0,0,0,0,0,0,0,,0,0,0,0,7,5,48,1,17,0,0,,,,,,,,,,,,,,,,2,44,22.0,0,23,0,0,,0,0,,,,,,,,,2014.0
LaFeBr00,Brandon LaFell,nwe,0,0,0,0,0,0,0,0,,0,0,0,0,7,4,29,1,11,0,0,,,,,,,,,,,,,,,,,,,,,,,,,,,,,,,,,,2014.0
DeveJa00,James Develin,nwe,0,0,0,0,0,0,0,0,,0,0,0,0,1,1,6,0,6,0,0,,,,,,,,,,,,,,,,1,5,5.0,0,5,0,0,,0,0,,,,,,,,,2014.0
HoomMi00,Michael Hoomanawanui,nwe,0,0,0,0,0,0,0,0,,0,0,0,0,1,1,4,0,4,0,0,,,,,,,,,,,,,,,,,,,,,,,,,,,,,,,,,,2014.0
ButlMa01,Malcolm Butler,nwe,,,,,,,,,,,,,,,,,,,,,1,3,0,3,3,0.0,3,3,0,0,0,0,0,0,0,,,,,,,,,,,,,,,,,,,2014.0
NinkRo20,Rob Ninkovich,nwe,,,,,,,,,,,,,,,,,,,,,0,0,0,0,0,1.0,6,3,3,1,1,0,0,0,0,,,,,,,,,,,,,,,,,,,2014.0
JoneCh03,Chandler Jones,nwe,,,,,,,,,,,,,,,,,,,,,0,0,0,0,0,1.0,3,3,0,1,1,0,0,0,0,,,,,,,,,,,,,,,,,,,2014.0
ReviDa99,Darrelle Revis,nwe,,,,,,,,,,,,,,,,,,,,,0,0,0,0,0,1.0,1,1,0,1,1,0,0,0,0,,,,,,,,,,,,,,,,,,,2014.0
CollJa00,Jamie Collins,nwe,,,,,,,,,,,,,,,,,,,,,0,0,0,0,0,0.0,8,6,2,0,0,0,0,0,0,,,,,,,,,,,,,,,,,,,2014.0
HighDo01,Dont'a Hightower,nwe,,,,,,,,,,,,,,,,,,,,,0,0,0,0,0,0.0,5,3,2,0,0,0,0,0,0,,,,,,,,,,,,,,,,,,,2014.0
McCoDe99,Devin McCourty,nwe,,,,,,,,,,,,,,,,,,,,,0,0,0,0,0,0.0,5,4,1,0,0,0,0,0,0,,,,,,,,,,,,,,,,,,,2014.0
SiliSe00,Sealver Siliga,nwe,,,,,,,,,,,,,,,,,,,,,0,0,0,0,0,0.0,4,2,2,0,0,0,0,0,0,,,,,,,,,,,,,,,,,,,2014.0
ArriKy00,Kyle Arrington,nwe,,,,,,,,,,,,,,,,,,,,,0,0,0,0,0,0.0,3,3,0,0,0,0,0,0,0,,,,,,,,,,,,,,,,,,,2014.0
BranAl99,Alan Branch,nwe,,,,,,,,,,,,,,,,,,,,,0,0,0,0,0,0.0,3,3,0,0,0,0,0,0,0,,,,,,,,,,,,,,,,,,,2014.0
BrowBr00,Brandon Browner,nwe,,,,,,,,,,,,,,,,,,,,,0,0,0,0,1,0.0,3,3,0,0,0,0,0,0,0,,,,,,,,,,,,,,,,,,,2014.0
WilfVi20,Vince Wilfork,nwe,,,,,,,,,,,,,,,,,,,,,0,0,0,0,0,0.0,2,2,0,0,0,0,0,0,0,,,,,,,,,,,,,,,,,,,2014.0
ChunPa99,Patrick Chung,nwe,,,,,,,,,,,,,,,,,,,,,0,0,0,0,0,0.0,1,1,0,0,0,0,0,0,0,,,,,,,,,,,,,,,,,,,2014.0
RyanLo00,Logan Ryan,nwe,,,,,,,,,,,,,,,,,,,,,0,0,0,0,1,0.0,1,1,0,0,0,0,0,0,0,,,,,,,,,,,,,,,,,,,2014.0
SlatMa00,Matthew Slater,nwe,,,,,,,,,,,,,,,,,,,,,0,0,0,0,0,0.0,1,1,0,0,0,0,0,0,0,,,,,,,,,,,,,,,,,,,2014.0
AyerAk00,Akeem Ayers,nwe,,,,,,,,,,,,,,,,,,,,,0,0,0,0,0,0.0,0,0,0,0,1,0,0,0,0,,,,,,,,,,,,,,,,,,,2014.0
GostSt20,Stephen Gostkowski,nwe,,,,,,,,,,,,,,,,,,,,,,,,,,,,,,,,,,,,,,,,,,,,,,4,4,,,0,0,,0,2014.0
AlleRy01,Ryan Allen,nwe,,,,,,,,,,,,,,,,,,,,,,,,,,,,,,,,,,,,,,,,,,,,,,,,,,4,196,49.0,64,2014.0
WilsRu00,Russell Wilson,sea,12,21,247,2,1,3,13,45,110.6,3,39,0,17,0,0,0,0,0,0,0,,,,,,,,,,,,,,,,,,,,,,,,,,,,,,,,,,2014.0
LyncMa00,Marshawn Lynch,sea,0,0,0,0,0,0,0,0,,24,102,1,15,2,1,31,0,31,0,0,,,,,,,,,,,,,,,,,,,,,,,,,,,,,,,,,,2014.0
TurbRo00,Robert Turbin,sea,0,0,0,0,0,0,0,0,,2,21,0,19,0,0,0,0,0,0,0,,,,,,,,,,,,,,,,,,,,,,,,,,,,,,,,,,2014.0
MattCh00,Chris Matthews,sea,0,0,0,0,0,0,0,0,,0,0,0,0,5,4,109,1,45,0,0,,,,,,,,,,,,,,,,,,,,,,,,,,,,,,,,,,2014.0
LockRi00,Ricardo Lockette,sea,0,0,0,0,0,0,0,0,,0,0,0,0,5,3,59,0,25,0,0,,,,,,,,,,,,,,,,,,,,,,,,,,,,,,,,,,2014.0
KearJe01,Jermaine Kearse,sea,0,0,0,0,0,0,0,0,,0,0,0,0,6,3,45,0,33,0,0,,,,,,,,,,,,,,,,,,,,,,,,,,,,,,,,,,2014.0
BaldDo00,Doug Baldwin,sea,0,0,0,0,0,0,0,0,,0,0,0,0,1,1,3,1,3,0,0,,,,,,,,,,,,,,,,,,,,,,,,,,,,,,,,,,2014.0
WaltBr00,Bryan Walters,sea,0,0,0,0,0,0,0,0,,0,0,0,0,1,0,0,0,0,0,0,,,,,,,,,,,,,,,,0,0,,0,0,2,6,3.0,0,6,,,,,,,,,2014.0
WagnBo00,Bobby Wagner,sea,,,,,,,,,,,,,,,,,,,,,1,0,0,0,1,0.0,12,10,2,0,0,0,0,0,0,,,,,,,,,,,,,,,,,,,2014.0
LaneJe00,Jeremy Lane,sea,,,,,,,,,,,,,,,,,,,,,1,14,0,14,1,0.0,0,0,0,0,0,0,0,0,0,,,,,,,,,,,,,,,,,,,2014.0
IrviBr00,Bruce Irvin,sea,,,,,,,,,,,,,,,,,,,,,0,0,0,0,0,1.0,2,2,0,1,2,0,0,0,0,,,,,,,,,,,,,,,,,,,2014.0
WrigK.00,K.J. Wright,sea,,,,,,,,,,,,,,,,,,,,,0,0,0,0,0,0.0,11,10,1,0,0,0,0,0,0,,,,,,,,,,,,,,,,,,,2014.0
ChanKa99,Kam Chancellor,sea,,,,,,,,,,,,,,,,,,,,,0,0,0,0,0,0.0,10,7,3,1,0,0,0,0,0,,,,,,,,,,,,,,,,,,,2014.0
ThomEa99,Earl Thomas,sea,,,,,,,,,,,,,,,,,,,,,0,0,0,0,0,0.0,9,8,1,0,0,0,0,0,0,,,,,,,,,,,,,,,,,,,2014.0
MaxwBy00,Byron Maxwell,sea,,,,,,,,,,,,,,,,,,,,,0,0,0,0,0,0.0,5,5,0,0,0,0,0,0,0,,,,,,,,,,,,,,,,,,,2014.0
SherRi00,Richard Sherman,sea,,,,,,,,,,,,,,,,,,,,,0,0,0,0,0,0.0,3,2,1,0,0,0,0,0,0,,,,,,,,,,,,,,,,,,,2014.0
WillKe98,Kevin Williams,sea,,,,,,,,,,,,,,,,,,,,,0,0,0,0,0,0.0,3,2,1,0,0,0,0,0,0,,,,,,,,,,,,,,,,,,,2014.0
AvriCl99,Cliff Avril,sea,,,,,,,,,,,,,,,,,,,,,0,0,0,0,0,0.0,2,0,2,0,0,0,0,0,0,,,,,,,,,,,,,,,,,,,2014.0
BennMi99,Michael Bennett,sea,,,,,,,,,,,,,,,,,,,,,0,0,0,0,0,0.0,2,2,0,0,4,0,0,0,0,,,,,,,,,,,,,,,,,,,2014.0
McDaTo20,Tony McDaniel,sea,,,,,,,,,,,,,,,,,,,,,0,0,0,0,1,0.0,2,1,1,0,0,0,0,0,0,,,,,,,,,,,,,,,,,,,2014.0
SheaDe00,DeShawn Shead,sea,,,,,,,,,,,,,,,,,,,,,0,0,0,0,0,0.0,2,2,0,0,0,0,0,0,0,,,,,,,,,,,,,,,,,,,2014.0
CoylBr00,Brock Coyle,sea,,,,,,,,,,,,,,,,,,,,,0,0,0,0,0,0.0,1,1,0,0,0,0,0,0,0,,,,,,,,,,,,,,,,,,,2014.0
JohnJe02,Jeron Johnson,sea,,,,,,,,,,,,,,,,,,,,,0,0,0,0,0,0.0,1,1,0,0,0,0,0,0,0,,,,,,,,,,,,,,,,,,,2014.0
TerrSt00,Steven Terrell,sea,,,,,,,,,,,,,,,,,,,,,0,0,0,0,0,0.0,1,1,0,0,0,0,0,0,0,,,,,,,,,,,,,,,,,,,2014.0
SchoOB99,O'Brien Schofield,sea,,,,,,,,,,,,,,,,,,,,,0,0,0,0,0,0.0,0,0,0,0,1,0,0,0,0,,,,,,,,,,,,,,,,,,,2014.0
SimoTh00,Tharold Simon,sea,,,,,,,,,,,,,,,,,,,,,0,0,0,0,1,0.0,0,0,0,0,0,0,0,0,0,,,,,,,,,,,,,,,,,,,2014.0
HausSt00,Stephen Hauschka,sea,,,,,,,,,,,,,,,,,,,,,,,,,,,,,,,,,,,,,,,,,,,,,,3,3,1,1,0,0,,0,2014.0
RyanJo21,Jon Ryan,sea,,,,,,,,,,,,,,,,,,,,,,,,,,,,,,,,,,,,,,,,,,,,,,,,,,6,269,44.8,61,2014.0
BradTo00,Tom Brady,nwe,27,41,276,2,1,2,10,21,91.1,0,0,0,0,0,0,0,0,0,0,,,,,,,,,,,,,,,,,,,,,,,,,,,,,,,,,,,2011.0
GreeBe00,BenJarvus Green-Ellis,nwe,0,0,0,0,0,,,0,,10,44,0,17,3,2,15,0,8,0,,,,,,,,,,,,,,,,,,,,,,,,,,,,,,,,,,,2011.0
WelkWe00,Wes Welker,nwe,0,0,0,0,0,,,0,,2,21,0,11,8,7,60,0,19,0,,,,,,,,,,,,,,,,,,,,,,,,,,,,,,,,,,,2011.0
WoodDa02,Danny Woodhead,nwe,0,0,0,0,0,,,0,,7,18,0,6,4,4,42,1,19,0,,,,,,,,,,,,,,,,,,,,,,,,,,,,,,,,,,,2011.0
HernAa00,Aaron Hernandez,nwe,0,0,0,0,0,,,0,,0,0,0,0,14,8,67,1,12,0,,,,,,,,,,,,,,,,,,,,,,,,,,,,,,,,,,,2011.0
BranDe00,Deion Branch,nwe,0,0,0,0,0,,,0,,0,0,0,0,6,3,45,0,19,0,,,,,,,,,,,,,,,,,,,,,,,,,,,,,,,,,,,2011.0
GronRo00,Rob Gronkowski,nwe,0,0,0,0,0,,,0,,0,0,0,0,3,2,26,0,20,0,,,,,,,,,,,,,,,,,,,,,,,,,,,,,,,,,,,2011.0
JohnCh01,Chad Johnson,nwe,0,0,0,0,0,,,0,,0,0,0,0,1,1,21,0,21,0,,,,,,,,,,,,,,,,,,,,,,,,,,,,,,,,,,,2011.0
AndeMa21,Mark Anderson,nwe,,,,,,,,,,,,,,,,,,,,,0,0,0,,0,1.5,5,3,2,1,2,0,0,0,0,,,,,,,,,,,,,,,,,,,2011.0
DeadBr99,Brandon Deaderick,nwe,,,,,,,,,,,,,,,,,,,,,0,0,0,,0,1.0,1,1,0,1,1,0,0,0,0,,,,,,,,,,,,,,,,,,,2011.0
NinkRo20,Rob Ninkovich,nwe,,,,,,,,,,,,,,,,,,,,,0,0,0,,0,0.5,4,3,1,0,2,0,0,0,0,,,,,,,,,,,,,,,,,,,2011.0
GostSt20,Stephen Gostkowski,nwe,,,,,,,,,,,,,,,,,,,,,0,0,0,,0,0.0,1,0,1,0,0,0,0,0,0,,,,,,,,,,,2,2,1,1,0,0,,0,2011.0
MayoJe99,Jerod Mayo,nwe,,,,,,,,,,,,,,,,,,,,,,,,,0,0.0,11,8,3,0,0,0,,,1,,,,,,,,,,,,,,,,,,,2011.0
SpikBr99,Brandon Spikes,nwe,,,,,,,,,,,,,,,,,,,,,,,,,0,0.0,11,8,3,0,0,0,,,1,,,,,,,,,,,,,,,,,,,2011.0
McCoDe99,Devin McCourty,nwe,,,,,,,,,,,,,,,,,,,,,,,,,0,0.0,7,6,1,0,0,0,,,0,,,,,,,,,,,,,,,,,,,2011.0
ChunPa99,Patrick Chung,nwe,,,,,,,,,,,,,,,,,,,,,,,,,1,0.0,6,2,4,0,0,0,,,0,,,,,,,,,,,,,,,,,,,2011.0
ArriKy00,Kyle Arrington,nwe,,,,,,,,,,,,,,,,,,,,,,,,,0,0.0,5,4,1,1,1,0,,,0,,,,,,,,,,,,,,,,,,,2011.0
IhedJa00,James Ihedigbo,nwe,,,,,,,,,,,,,,,,,,,,,,,,,0,0.0,5,2,3,0,0,0,,,0,,,,,,,,,,,,,,,,,,,2011.0
MoldAn99,Antwaun Molden,nwe,,,,,,,,,,,,,,,,,,,,,,,,,0,0.0,5,5,0,0,0,0,,,0,,,,,,,,,,,,,,,,,,,2011.0
MoorSt00,Sterling Moore,nwe,,,,,,,,,,,,,,,,,,,,,,,,,2,0.0,3,3,0,0,0,0,,,0,,,,,,,,,,,,,,,,,,,2011.0
WilfVi20,Vince Wilfork,nwe,,,,,,,,,,,,,,,,,,,,,,,,,0,0.0,3,3,0,0,0,0,,,0,,,,,,,,,,,,,,,,,,,2011.0
ElliSh00,Shaun Ellis,nwe,,,,,,,,,,,,,,,,,,,,,,,,,0,0.0,2,0,2,0,0,0,,,0,,,,,,,,,,,,,,,,,,,2011.0
SlatMa00,Matthew Slater,nwe,,,,,,,,,,,,,,,,,,,,,,,,,0,0.0,2,2,0,0,0,0,,,0,,,,,,,,,,,,,,,,,,,2011.0
WarrGe20,Gerard Warren,nwe,,,,,,,,,,,,,,,,,,,,,,,,,0,0.0,2,1,1,0,0,0,,,0,,,,,,,,,,,,,,,,,,,2011.0
WhitTr20,Tracy White,nwe,,,,,,,,,,,,,,,,,,,,,,,,,0,0.0,2,0,2,0,0,0,,,0,,,,,,,,,,,,,,,,,,,2011.0
FletDa00,Dane Fletcher,nwe,,,,,,,,,,,,,,,,,,,,,,,,,0,0.0,1,1,0,0,0,0,,,0,,,,,,,,,,,,,,,,,,,2011.0
LoveKy00,Kyle Love,nwe,,,,,,,,,,,,,,,,,,,,,,,,,0,0.0,1,1,0,0,0,0,,,0,,,,,,,,,,,,,,,,,,,2011.0
EdelJu00,Julian Edelman,nwe,,,,,,,,,,,,,,,,,,,,,,,,,,,,,,,,,,,,3,73,24.3,0,31,0,0,,0,0,,,,,,,,,2011.0
MeskZo99,Zoltan Mesko,nwe,,,,,,,,,,,,,,,,,,,,,,,,,,,,,,,,,,,,,,,,,,,,,,,,,,3,123,41.0,48,2011.0
MannEl00,Eli Manning,nyg,30,40,296,1,0,3,14,38,103.7,1,-1,0,-1,0,0,0,0,0,0,,,,,,,,,,,,,,,,,,,,,,,,,,,,,,,,,,,2011.0
BradAh00,Ahmad Bradshaw,nyg,0,0,0,0,0,,,0,,17,72,1,24,3,2,19,0,11,1,0,,,,,,,,,,,,,,,,,,,,,,,,,,,,,,,,,,2011.0
JacoBr00,Brandon Jacobs,nyg,0,0,0,0,0,,,0,,9,37,0,11,1,0,0,0,0,0,,,,,,,,,,,,,,,,,,,,,,,,,,,,,,,,,,,2011.0
WareDa00,Danny Ware,nyg,0,0,0,0,0,,,0,,1,6,0,6,1,1,8,0,8,0,,,,,,,,,,,,,,,,,,,,,,,,,,,,,,,,,,,2011.0
NickHa01,Hakeem Nicks,nyg,0,0,0,0,0,,,0,,0,0,0,0,13,10,109,0,19,1,0,,,,,,,,,,,,,,,,,,,,,,,,,,,,,,,,,,2011.0
MannMa01,Mario Manningham,nyg,0,0,0,0,0,,,0,,0,0,0,0,9,5,73,0,38,0,,,,,,,,,,,,,,,,,,,,,,,,,,,,,,,,,,,2011.0
PascBe00,Bear Pascoe,nyg,0,0,0,0,0,,,0,,0,0,0,0,4,4,33,0,12,0,,,,,,,,,,,,,,,,,,,,,,,,,,,,,,,,,,,2011.0
CruzVi00,Victor Cruz,nyg,0,0,0,0,0,,,0,,0,0,0,0,4,4,25,1,8,0,,,,,,,,,,,,,,,,,,,,,,,,,,,,,,,,,,,2011.0
HynoHe01,Henry Hynoski,nyg,0,0,0,0,0,,,0,,0,0,0,0,2,2,19,0,13,0,,,,,,,,,,,,,,,,,,,,,,,,,,,,,,,,,,,2011.0
BallJa21,Jake Ballard,nyg,0,0,0,0,0,,,0,,0,0,0,0,3,2,10,0,9,0,,,,,,,,,,,,,,,,,,,,,,,,,,,,,,,,,,,2011.0
BlacCh21,Chase Blackburn,nyg,,,,,,,,,,,,,,,,,,,,,1,0,0,,1,0.0,6,4,2,0,0,0,0,0,0,,,,,,,,,,,,,,,,,,,2011.0
TuckJu20,Justin Tuck,nyg,,,,,,,,,,,,,,,,,,,,,0,0,0,,0,2.0,3,3,0,2,3,0,0,0,0,,,,,,,,,,,,,,,,,,,2011.0
SneeCh20,Chris Snee,nyg,,,,,,,,,,,,,,,,,,,,,0,0,0,,,0.0,,,,,,1,0,0,,,,,,,,,,,,,,,,,,,,2011.0
BoleMi20,Michael Boley,nyg,,,,,,,,,,,,,,,,,,,,,,,,,1,0.0,10,9,1,0,0,0,,,0,,,,,,,,,,,,,,,,,,,2011.0
GranDe21,Deon Grant,nyg,,,,,,,,,,,,,,,,,,,,,,,,,0,0.0,6,5,1,0,0,0,,,0,,,,,,,,,,,,,,,,,,,2011.0
PhilKe99,Kenny Phillips,nyg,,,,,,,,,,,,,,,,,,,,,,,,,2,0.0,6,5,1,0,0,0,,,0,,,,,,,,,,,,,,,,,,,2011.0
RollAn20,Antrel Rolle,nyg,,,,,,,,,,,,,,,,,,,,,,,,,0,0.0,3,3,0,0,1,0,,,0,,,,,,,,,,,,,,,,,,,2011.0
RossAa99,Aaron Ross,nyg,,,,,,,,,,,,,,,,,,,,,,,,,0,0.0,3,2,1,1,0,0,,,0,,,,,,,,,,,,,,,,,,,2011.0
WillJa02,Jacquian Williams,nyg,,,,,,,,,,,,,,,,,,,,,,,,,0,0.0,3,2,1,0,0,0,,,0,,,,,,,,,,,,,,,,,,,2011.0
BernRo20,Rocky Bernard,nyg,,,,,,,,,,,,,,,,,,,,,,,,,0,0.0,2,2,0,0,0,0,,,0,,,,,,,,,,,,,,,,,,,2011.0
JoseLi99,Linval Joseph,nyg,,,,,,,,,,,,,,,,,,,,,,,,,0,0.0,2,1,1,0,1,0,,,0,,,,,,,,,,,,,,,,,,,2011.0
PaysSp00,Spencer Paysinger,nyg,,,,,,,,,,,,,,,,,,,,,,,,,0,0.0,2,1,1,0,0,0,,,0,,,,,,,,,,,,,,,,,,,2011.0
PierJa99,Jason Pierre-Paul,nyg,,,,,,,,,,,,,,,,,,,,,,,,,2,0.0,2,2,0,1,1,0,,,0,,,,,,,,,,,,,,,,,,,2011.0
AmukPr00,Prince Amukamara,nyg,,,,,,,,,,,,,,,,,,,,,,,,,0,0.0,1,1,0,0,0,0,,,0,,,,,,,,,,,,,,,,,,,2011.0
CantCh21,Chris Canty,nyg,,,,,,,,,,,,,,,,,,,,,,,,,0,0.0,1,1,0,1,0,0,,,0,,,,,,,,,,,,,,,,,,,2011.0
UmenOs99,Osi Umenyiora,nyg,,,,,,,,,,,,,,,,,,,,,,,,,0,0.0,1,0,1,0,2,0,,,0,,,,,,,,,,,,,,,,,,,2011.0
WebsCo20,Corey Webster,nyg,,,,,,,,,,,,,,,,,,,,,,,,,1,0.0,1,1,0,0,0,0,,,0,,,,,,,,,,,,,,,,,,,2011.0
BlacWi20,Will Blackmon,nyg,,,,,,,,,,,,,,,,,,,,,,,,,,,,,,,,,,,,1,4,4.0,0,4,1,10,10.0,0,10,,,,,,,,,2011.0
JernJe00,Jerrel Jernigan,nyg,,,,,,,,,,,,,,,,,,,,,,,,,,,,,,,,,,,,3,71,23.7,0,34,0,0,,0,0,,,,,,,,,2011.0
tyneslaw01,Lawrence Tynes,nyg,,,,,,,,,,,,,,,,,,,,,,,,,,,,,,,,,,,,,,,,,,,,,,1,1,2,2,0,0,,0,2011.0
WeatSt20,Steve Weatherford,nyg,,,,,,,,,,,,,,,,,,,,,,,,,,,,,,,,,,,,,,,,,,,,,,,,,,4,163,40.8,51,2011.0
BradTo00,Tom Brady,nwe,29,48,266,1,0,5,37,19,82.5,0,0,0,0,0,0,0,0,0,1,1,,,,,,,,,,,,,,,,,,,,,,,,,,,,,,,,,,2007.0
MaroLa00,Laurence Maroney,nwe,0,0,0,0,0,,,0,,14,36,1,9,3,2,12,0,8,0,,,,,,,,,,,,,,,,,4,94,23.5,0,43,0,0,,0,0,,,,,,,,,2007.0
FaulKe00,Kevin Faulk,nwe,0,0,0,0,0,,,0,,1,7,0,7,9,7,52,0,14,0,,,,,,,,,,,,,,,,,,,,,,,,,,,,,,,,,,,2007.0
EvanHe00,Heath Evans,nwe,0,0,0,0,0,,,0,,1,2,0,2,0,0,0,0,0,0,,,,,,,,,,,,,,,,,,,,,,,,,,,,,,,,,,,2007.0
WelkWe00,Wes Welker,nwe,0,0,0,0,0,,0,0,,0,0,0,0,14,11,103,0,19,0,,,,,,,,,,,,,,,,,0,0,,0,0,1,15,15.0,0,15,,,,,,,,,2007.0
MossRa00,Randy Moss,nwe,0,0,0,0,0,,,0,,0,0,0,0,12,5,62,1,18,0,,,,,,,,,,,,,,,,,,,,,,,,,,,,,,,,,,,2007.0
StalDo00,Donte' Stallworth,nwe,0,0,0,0,0,,,0,,0,0,0,0,5,3,34,0,18,0,,,,,,,,,,,,,,,,,,,,,,,,,,,,,,,,,,,2007.0
BradKy00,Kyle Brady,nwe,0,0,0,0,0,,,0,,0,0,0,0,1,1,3,0,3,0,,,,,,,,,,,,,,,,,,,,,,,,,,,,,,,,,,,2007.0
WatsBe00,Ben Watson,nwe,0,0,0,0,0,,0,0,,0,0,0,0,1,0,0,0,0,0,,,,,,,,,,,,,,,,,,,,,,,,,,,,,,,,,,,2007.0
GaffJa00,Jabar Gaffney,nwe,0,0,0,0,0,,,0,,0,0,0,0,3,0,0,0,0,0,,,,,,,,,,,,,,,,,,,,,,,,,,,,,,,,,,,2007.0
HobbEl20,Ellis Hobbs,nwe,,,,,,,,,,,,,,,,,,,,,1,23,0,23,3,0.0,1,0,1,0,0,0,0,0,0,,,,,,,,,,,,,,,,,,,2007.0
ThomAd00,Adalius Thomas,nwe,,,,,,,,,,,,,,,,,,,,,0,0,0,0,0,2.0,5,5,0,2,2,0,0,0,1,,,,,,,,,,,,,,,,,,,2007.0
GreeJa21,Jarvis Green,nwe,,,,,,,,,,,,,,,,,,,,,0,0,0,0,0,1.0,1,1,0,1,1,0,0,0,0,,,,,,,,,,,,,,,,,,,2007.0
HarrRo01,Rodney Harrison,nwe,,,,,,,,,,,,,,,,,,,,,0,0,0,0,0,0.0,12,11,1,0,0,0,0,0,0,,,,,,,,,,,,,,,,,,,2007.0
BrusTe99,Tedy Bruschi,nwe,,,,,,,,,,,,,,,,,,,,,0,0,0,0,0,0.0,8,5,3,0,0,0,0,0,0,,,,,,,,,,,,,,,,,,,2007.0
SeymRi00,Richard Seymour,nwe,,,,,,,,,,,,,,,,,,,,,0,0,0,0,0,0.0,7,3,4,0,0,0,0,0,0,,,,,,,,,,,,,,,,,,,2007.0
WarrTy20,Ty Warren,nwe,,,,,,,,,,,,,,,,,,,,,0,0,0,0,0,0.0,6,4,2,0,0,0,0,0,0,,,,,,,,,,,,,,,,,,,2007.0
WilfVi20,Vince Wilfork,nwe,,,,,,,,,,,,,,,,,,,,,0,0,0,0,0,0.0,5,4,1,0,0,0,0,0,0,,,,,,,,,,,,,,,,,,,2007.0
SandJa21,James Sanders,nwe,,,,,,,,,,,,,,,,,,,,,0,0,0,0,0,0.0,4,3,1,0,0,0,0,0,0,,,,,,,,,,,,,,,,,,,2007.0
MeriBr99,Brandon Meriweather,nwe,,,,,,,,,,,,,,,,,,,,,0,0,0,0,1,0.0,3,3,0,0,0,0,0,0,0,,,,,,,,,,,,,,,,,,,2007.0
SamuAs20,Asante Samuel,nwe,,,,,,,,,,,,,,,,,,,,,0,0,0,0,1,0.0,2,1,1,0,0,0,0,0,0,,,,,,,,,,,,,,,,,,,2007.0
VrabMi20,Mike Vrabel,nwe,,,,,,,,,,,,,,,,,,,,,0,0,0,0,0,0.0,2,1,1,0,0,0,0,0,0,,,,,,,,,,,,,,,,,,,2007.0
WoodPi20,Pierre Woods,nwe,,,,,,,,,,,,,,,,,,,,,,,,,0,0.0,3,3,0,1,0,0,,,0,,,,,,,,,,,,,,,,,,,2007.0
AlexEr20,Eric Alexander,nwe,,,,,,,,,,,,,,,,,,,,,,,,,0,0.0,2,1,1,0,0,0,,,0,,,,,,,,,,,,,,,,,,,2007.0
SeauJu00,Junior Seau,nwe,,,,,,,,,,,,,,,,,,,,,,,,,0,0.0,2,2,0,0,0,0,,,0,,,,,,,,,,,,,,,,,,,2007.0
IzzoLa00,Larry Izzo,nwe,,,,,,,,,,,,,,,,,,,,,,,,,0,0.0,1,1,0,0,0,0,,,0,,,,,,,,,,,,,,,,,,,2007.0
VentRa20,Raymond Ventrone,nwe,,,,,,,,,,,,,,,,,,,,,,,,,0,0.0,1,1,0,0,0,0,,,0,,,,,,,,,,,,,,,,,,,2007.0
GayxRa20,Randall Gay,nwe,,,,,,,,,,,,,,,,,,,,,,,,,2,0.0,0,0,0,0,0,0,,,0,,,,,,,,,,,,,,,,,,,2007.0
WilsEu20,Eugene Wilson,nwe,,,,,,,,,,,,,,,,,,,,,,,,,0,0.0,0,0,0,0,1,0,,,0,,,,,,,,,,,,,,,,,,,2007.0
GostSt20,Stephen Gostkowski,nwe,,,,,,,,,,,,,,,,,,,,,,,,,,,,,,,,,,,,,,,,,,,,,,2,2,,,0,0,,0,2007.0
HansCh20,Chris Hanson,nwe,,,,,,,,,,,,,,,,,,,,,,,,,,,,,,,,,,,,,,,,,,,,,,,,,,4,175,43.8,49,2007.0
MannEl00,Eli Manning,nyg,19,34,255,2,1,3,8,45,87.3,3,4,0,5,0,0,0,0,0,1,0,,,,,,,,,,,,,,,,,,,,,,,,,,,,,,,,,,2007.0
BradAh00,Ahmad Bradshaw,nyg,0,0,0,0,0,,,0,,9,45,0,13,2,1,3,0,3,0,,,,,,,,,,,,,,,,,,,,,,,,,,,,,,,,,,,2007.0
JacoBr00,Brandon Jacobs,nyg,0,0,0,0,0,,,0,,14,42,0,7,0,0,0,0,0,0,,,,,,,,,,,,,,,,,,,,,,,,,,,,,,,,,,,2007.0
ToomAm00,Amani Toomer,nyg,0,0,0,0,0,,,0,,0,0,0,0,6,6,84,0,38,0,,,,,,,,,,,,,,,,,,,,,,,,,,,,,,,,,,,2007.0
SmitSt02,Steve Smith,nyg,0,0,0,0,0,,,0,,0,0,0,0,9,5,50,0,17,0,,0,0,0,0,0,0.0,,,,,,1,0,0,0,,,,,,,,,,,,,,,,,,,2007.0
BossKe00,Kevin Boss,nyg,0,0,0,0,0,,,0,,0,0,0,0,2,1,45,0,45,0,,,,,,,,,,,,,,,,,,,,,,,,,,,,,,,,,,,2007.0
TyreDa00,David Tyree,nyg,0,0,0,0,0,,,0,,0,0,0,0,5,3,43,1,32,0,,,,,,,,,,,,,,,,,,,,,,,,,,,,,,,,,,,2007.0
BurrPl00,Plaxico Burress,nyg,0,0,0,0,0,,,0,,0,0,0,0,9,2,27,1,14,0,,,,,,,,,,,,,,,,,,,,,,,,,,,,,,,,,,,2007.0
HedgMa00,Madison Hedgecock,nyg,0,0,0,0,0,,,0,,0,0,0,0,1,1,3,0,3,0,,,,,,,,,,,,,,,,,,,,,,,,,,,,,,,,,,,2007.0
TuckJu20,Justin Tuck,nyg,,,,,,,,,,,,,,,,,,,,,0,0,0,0,0,2.0,6,5,1,2,2,0,0,0,1,,,,,,,,,,,,,,,,,,,2007.0
MitcKa20,Kawika Mitchell,nyg,,,,,,,,,,,,,,,,,,,,,0,0,0,0,0,1.0,8,3,5,1,1,0,0,0,0,,,,,,,,,,,,,,,,,,,2007.0
StraMi02,Michael Strahan,nyg,,,,,,,,,,,,,,,,,,,,,0,0,0,0,1,1.0,3,2,1,1,2,0,0,0,0,,,,,,,,,,,,,,,,,,,2007.0
AlfoJa99,Jay Alford,nyg,,,,,,,,,,,,,,,,,,,,,0,0,0,0,0,1.0,2,2,0,1,1,0,0,0,0,,,,,,,,,,,,,,,,,,,2007.0
ButlJa20,James Butler,nyg,,,,,,,,,,,,,,,,,,,,,0,0,0,0,0,0.0,11,10,1,1,0,0,0,0,0,,,,,,,,,,,,,,,,,,,2007.0
PierAn20,Antonio Pierce,nyg,,,,,,,,,,,,,,,,,,,,,0,0,0,0,0,0.0,11,8,3,0,0,0,0,0,0,,,,,,,,,,,,,,,,,,,2007.0
WilsGi20,Gibril Wilson,nyg,,,,,,,,,,,,,,,,,,,,,0,0,0,0,1,0.0,5,3,2,0,1,0,0,0,0,,,,,,,,,,,,,,,,,,,2007.0
UmenOs99,Osi Umenyiora,nyg,,,,,,,,,,,,,,,,,,,,,0,0,0,0,0,0.0,4,3,1,1,1,1,0,0,0,,,,,,,,,,,,,,,,,,,2007.0
RobbFr20,Fred Robbins,nyg,,,,,,,,,,,,,,,,,,,,,0,0,0,0,0,0.0,3,3,0,0,0,0,0,0,0,,,,,,,,,,,,,,,,,,,2007.0
RossAa99,Aaron Ross,nyg,,,,,,,,,,,,,,,,,,,,,0,0,0,0,0,0.0,2,1,1,1,0,0,0,0,0,,,,,,,,,,,,,,,,,,,2007.0
TorbRe20,Reggie Torbor,nyg,,,,,,,,,,,,,,,,,,,,,0,0,0,0,0,0.0,2,2,0,0,0,0,0,0,0,,,,,,,,,,,,,,,,,,,2007.0
WebsCo20,Corey Webster,nyg,,,,,,,,,,,,,,,,,,,,,0,0,0,0,1,0.0,2,1,1,0,0,0,0,0,0,,,,,,,,,,,,,,,,,,,2007.0
CofiBa20,Barry Cofield,nyg,,,,,,,,,,,,,,,,,,,,,0,0,0,0,0,0.0,1,1,0,0,1,0,0,0,0,,,,,,,,,,,,,,,,,,,2007.0
DockKe20,Kevin Dockery,nyg,,,,,,,,,,,,,,,,,,,,,,,,,0,0.0,4,4,0,0,0,0,,,0,,,,,,,,,,,,,,,,,,,2007.0
BlacCh21,Chase Blackburn,nyg,,,,,,,,,,,,,,,,,,,,,,,,,0,0.0,2,1,1,0,0,0,,,0,,,,,,,,,,,,,,,,,,,2007.0
JohnMi99,Michael Johnson,nyg,,,,,,,,,,,,,,,,,,,,,,,,,0,0.0,2,1,1,0,0,0,,,0,,,,,,,,,,,,,,,,,,,2007.0
MadiSa00,Sam Madison,nyg,,,,,,,,,,,,,,,,,,,,,,,,,1,0.0,2,2,0,0,0,0,,,0,,,,,,,,,,,,,,,,,,,2007.0
DeOsZa99,Zak DeOssie,nyg,,,,,,,,,,,,,,,,,,,,,,,,,0,0.0,1,1,0,0,0,0,,,0,,,,,,,,,,,,,,,,,,,2007.0
WilkGe20,Gerris Wilkinson,nyg,,,,,,,,,,,,,,,,,,,,,,,,,0,0.0,1,0,1,0,0,0,,,0,,,,,,,,,,,,,,,,,,,2007.0
McQuR.20,R.W. McQuarters,nyg,,,,,,,,,,,,,,,,,,,,,,,,,,,,,,,,,,,,0,0,,0,0,3,25,8.3,0,16,,,,,,,,,2007.0
HixoDo00,Domenik Hixon,nyg,,,,,,,,,,,,,,,,,,,,,,,,,,,,,,,,,,,,2,39,19.5,0,25,0,0,,0,0,,,,,,,,,2007.0
tyneslaw01,Lawrence Tynes,nyg,,,,,,,,,,,,,,,,,,,,,,,,,,,,,,,,,,,,,,,,,,,,,,2,2,1,1,0,0,,0,2007.0
FeagJe20,Jeff Feagles,nyg,,,,,,,,,,,,,,,,,,,,,,,,,,,,,,,,,,,,,,,,,,,,,,,,,,4,156,39.0,55,2007.0
BradTo00,Tom Brady,nwe,23,33,236,2,0,2,17,27,110.2,1,-1,0,-1,0,0,0,0,0,1,1,,,,,,,,,,,,,,,,,,,,,,,,,,,,,,,,,,2004.0
DillCo00,Corey Dillon,nwe,0,0,0,0,0,,,0,,18,75,1,25,4,3,31,0,16,0,,,,,,,,,,,,,,,,,,,,,,,,,,,,,,,,,,,2004.0
FaulKe00,Kevin Faulk,nwe,0,0,0,0,0,,,0,,8,38,0,12,2,2,27,0,14,0,,,,,,,,,,,,,,,,,,,,,,,,,,,,,,,,,,,2004.0
BranDe00,Deion Branch,nwe,0,0,0,0,0,,,0,,0,0,0,0,12,11,133,0,27,0,,,,,,,,,,,,,,,,,,,,,,,,,,,,,,,,,,,2004.0
GiveDa00,David Givens,nwe,0,0,0,0,0,,,0,,0,0,0,0,7,3,19,1,13,0,,,,,,,,,,,,,,,,,,,,,,,,,,,,,,,,,,,2004.0
BrowTr00,Troy Brown,nwe,0,0,0,0,0,,,0,,0,0,0,0,2,2,17,0,12,0,,0,0,0,0,0,0.0,3,2,1,0,,0,0,0,0,0,0,,0,0,3,12,4.0,0,8,,,,,,,,,2004.0
GrahDa00,Daniel Graham,nwe,0,0,0,0,0,,,0,,0,0,0,0,1,1,7,0,7,0,,,,,,,,,,,,,,,,,,,,,,,,,,,,,,,,,,,2004.0
VrabMi20,Mike Vrabel,nwe,0,0,0,0,0,,0,0,,0,0,0,0,1,1,2,1,2,0,,0,0,0,0,0,1.0,6,5,1,0,,1,0,0,0,,,,,,,,,,,,,,,,,,,2004.0
PassPa00,Patrick Pass,nwe,0,0,0,0,0,,,0,,1,0,0,0,0,0,0,0,0,0,,,,,,,,,,,,,,,,,1,17,17.0,0,17,0,0,,0,0,,,,,,,,,2004.0
PattDa00,David Patten,nwe,,,,,,,,,,,,,,4,0,0,0,,,,,,,,,,,,,,,,,,,,,,,,,,,,,,,,,,,,,2004.0
HarrRo01,Rodney Harrison,nwe,,,,,,,,,,,,,,,,,,,,,2,5,0,6,1,1.0,12,10,2,0,,0,0,0,0,,,,,,,,,,,,,,,,,,,2004.0
BrusTe99,Tedy Bruschi,nwe,,,,,,,,,,,,,,,,,,,,,1,0,0,0,0,1.0,9,8,1,0,,0,0,0,0,,,,,,,,,,,,,,,,,,,2004.0
SeymRi00,Richard Seymour,nwe,,,,,,,,,,,,,,,,,,,,,0,0,0,0,0,1.0,,,,,,0,0,0,0,,,,,,,,,,,,,,,,,,,2004.0
GreeJa21,Jarvis Green,nwe,,,,,,,,,,,,,,,,,,,,,0,0,0,0,0,0.0,5,3,2,0,,0,0,0,1,,,,,,,,,,,,,,,,,,,2004.0
SamuAs20,Asante Samuel,nwe,,,,,,,,,,,,,,,,,,,,,0,0,0,0,4,0.0,4,3,1,0,,0,0,0,0,,,,,,,,,,,,,,,,,,,2004.0
WilsEu20,Eugene Wilson,nwe,,,,,,,,,,,,,,,,,,,,,0,0,0,0,2,0.0,4,2,2,0,,0,0,0,0,,,,,,,,,,,,,,,,,,,2004.0
McGiWi00,Willie McGinest,nwe,,,,,,,,,,,,,,,,,,,,,0,0,0,0,0,0.0,3,1,2,0,,0,0,0,0,,,,,,,,,,,,,,,,,,,2004.0
ColvRo20,Rosevelt Colvin,nwe,,,,,,,,,,,,,,,,,,,,,0,0,0,0,0,0.0,2,1,1,0,,0,0,0,1,,,,,,,,,,,,,,,,,,,2004.0
GayxRa20,Randall Gay,nwe,,,,,,,,,,,,,,,,,,,,,0,0,0,0,0,0.0,2,0,2,0,,0,0,0,0,,,,,,,,,,,,,,,,,,,2004.0
KoppDa20,Dan Koppen,nwe,,,,,,,,,,,,,,,,,,,,,0,0,0,0,0,0.0,1,0,1,0,,0,0,0,0,,,,,,,,,,,,,,,,,,,2004.0
WilfVi20,Vince Wilfork,nwe,,,,,,,,,,,,,,,,,,,,,0,0,0,0,0,0.0,1,0,1,0,,0,0,0,0,,,,,,,,,,,,,,,,,,,2004.0
JohnTe20,Ted Johnson,nwe,,,,,,,,,,,,,,,,,,,,,,,,,0,0.0,8,4,4,1,,0,,,0,,,,,,,,,,,,,,,,,,,2004.0
WarrTy20,Ty Warren,nwe,,,,,,,,,,,,,,,,,,,,,,,,,0,0.0,8,6,2,0,,0,,,0,,,,,,,,,,,,,,,,,,,2004.0
CherJe20,Je'Rod Cherry,nwe,,,,,,,,,,,,,,,,,,,,,,,,,0,0.0,3,2,1,0,,0,,,0,,,,,,,,,,,,,,,,,,,2004.0
AbduRa00,Rabih Abdullah,nwe,,,,,,,,,,,,,,,,,,,,,,,,,0,0.0,2,2,0,0,,0,,,0,,,,,,,,,,,,,,,,,,,2004.0
PoteHa20,Hank Poteat,nwe,,,,,,,,,,,,,,,,,,,,,,,,,1,0.0,2,2,0,0,,0,,,0,,,,,,,,,,,,,,,,,,,2004.0
ReidDe20,Dexter Reid,nwe,,,,,,,,,,,,,,,,,,,,,,,,,0,0.0,2,1,1,0,,0,,,0,,,,,,,,,,,,,,,,,,,2004.0
BantTu20,Tully Banta-Cain,nwe,,,,,,,,,,,,,,,,,,,,,,,,,0,0.0,1,0,1,0,,0,,,0,,,,,,,,,,,,,,,,,,,2004.0
ChatMa20,Matt Chatham,nwe,,,,,,,,,,,,,,,,,,,,,,,,,0,0.0,1,0,1,0,,0,,,0,,,,,,,,,,,,,,,,,,,2004.0
PaxtLo20,Lonie Paxton,nwe,,,,,,,,,,,,,,,,,,,,,,,,,0,0.0,1,0,1,0,,0,,,0,,,,,,,,,,,,,,,,,,,2004.0
TrayKe20,Keith Traylor,nwe,,,,,,,,,,,,,,,,,,,,,,,,,0,0.0,1,0,1,0,,0,,,0,,,,,,,,,,,,,,,,,,,2004.0
JohnBe00,Bethel Johnson,nwe,,,,,,,,,,,,,,,,,,,,,,,,,,,,,,,,,,,,2,44,22.0,0,26,1,14,14.0,0,14,,,,,,,,,2004.0
vinatada01,Adam Vinatieri,nwe,,,,,,,,,,,,,,,,,,,,,,,,,,,,,,,,,,,,,,,,,,,,,,3,3,1,1,0,0,,0,2004.0
MillJo25,Josh Miller,nwe,,,,,,,,,,,,,,,,,,,,,,,,,,,,,,,,,,,,,,,,,,,,,,,,,,7,316,45.1,50,2004.0
McNaDo00,Donovan McNabb,phi,30,51,357,3,3,4,33,40,75.4,1,0,0,0,0,0,0,0,0,0,,,,,,,,,,,,,,,,,,,,,,,,,,,,,,,,,,,2004.0
WestBr00,Brian Westbrook,phi,0,0,0,0,0,,,0,,15,44,0,22,11,7,60,1,15,1,0,,,,,,,,,,,,,,,,0,0,,0,0,3,19,6.3,0,10,,,,,,,,,2004.0
LeveDo00,Dorsey Levens,phi,0,0,0,0,0,,,0,,1,1,0,1,1,0,0,0,0,0,,,,,,,,,,,,,,,,,,,,,,,,,,,,,,,,,,,2004.0
OwenTe00,Terrell Owens,phi,0,0,0,0,0,,,0,,0,0,0,0,14,9,122,0,36,0,,,,,,,,,,,,,,,,,,,,,,,,,,,,,,,,,,,2004.0
PinkTo00,Todd Pinkston,phi,0,0,0,0,0,,,0,,0,0,0,0,7,4,82,0,40,0,,,,,,,,,,,,,,,,,,,,,,,,,,,,,,,,,,,2004.0
LewiGr01,Greg Lewis,phi,0,0,0,0,0,,,0,,0,0,0,0,5,4,53,1,30,0,,,,,,,,,,,,,,,,,,,,,,,,,,,,,,,,,,,2004.0
SmitL.00,L.J. Smith,phi,0,0,0,0,0,,,0,,0,0,0,0,8,4,27,1,9,1,1,0,0,0,0,0,0.0,1,1,0,0,,0,0,0,0,,,,,,,,,,,,,,,,,,,2004.0
MitcFr00,Freddie Mitchell,phi,0,0,0,0,0,,,0,,0,0,0,0,4,1,11,0,11,0,,,,,,,,,,,,,,,,,,,,,,,,,,,,,,,,,,,2004.0
ParrJo00,Josh Parry,phi,0,0,0,0,0,,,0,,0,0,0,0,1,1,2,0,2,0,,,,,,,,,,,,,,,,,,,,,,,,,,,,,,,,,,,2004.0
BurgDe99,Derrick Burgess,phi,,,,,,,,,,,,,,,,,,,,,0,0,0,0,1,1.0,6,6,0,2,,0,0,0,0,,,,,,,,,,,,,,,,,,,2004.0
TrotJe00,Jeremiah Trotter,phi,,,,,,,,,,,,,,,,,,,,,0,0,0,0,0,0.0,8,8,0,1,,0,0,0,0,,,,,,,,,,,,,,,,,,,2004.0
AdamKe20,Keith Adams,phi,,,,,,,,,,,,,,,,,,,,,0,0,0,0,1,0.0,7,6,1,0,,0,0,0,0,,,,,,,,,,,,,,,,,,,2004.0
LewiMi99,Michael Lewis,phi,,,,,,,,,,,,,,,,,,,,,0,0,0,0,2,0.0,5,3,2,0,,0,0,0,0,,,,,,,,,,,,,,,,,,,2004.0
HoodRo20,Roderick Hood,phi,,,,,,,,,,,,,,,,,,,,,0,0,0,0,0,0.0,4,4,0,0,,0,0,0,0,1,32,32.0,0,32,0,0,,0,0,,,,,,,,,2004.0
BrowSh20,Sheldon Brown,phi,,,,,,,,,,,,,,,,,,,,,0,0,0,0,2,0.0,2,2,0,0,,0,0,0,0,,,,,,,,,,,,,,,,,,,2004.0
DawkBr00,Brian Dawkins,phi,,,,,,,,,,,,,,,,,,,,,0,0,0,0,2,0.0,2,2,0,0,,0,0,0,1,,,,,,,,,,,,,,,,,,,2004.0
KearJe00,Jevon Kearse,phi,,,,,,,,,,,,,,,,,,,,,0,0,0,0,0,0.0,2,2,0,1,,0,0,0,0,,,,,,,,,,,,,,,,,,,2004.0
ShepLi99,Lito Sheppard,phi,,,,,,,,,,,,,,,,,,,,,0,0,0,0,1,0.0,2,2,0,0,,0,0,0,0,,,,,,,,,,,,,,,,,,,2004.0
SimoCo00,Corey Simon,phi,,,,,,,,,,,,,,,,,,,,,0,0,0,0,1,0.0,2,2,0,0,,0,0,0,0,,,,,,,,,,,,,,,,,,,2004.0
WalkDa21,Darwin Walker,phi,,,,,,,,,,,,,,,,,,,,,0,0,0,0,0,0.0,1,0,1,0,,0,0,0,0,,,,,,,,,,,,,,,,,,,2004.0
JoneDh20,Dhani Jones,phi,,,,,,,,,,,,,,,,,,,,,0,0,0,0,1,0.0,0,0,0,0,,0,0,0,0,,,,,,,,,,,,,,,,,,,2004.0
ThomHo20,Hollis Thomas,phi,,,,,,,,,,,,,,,,,,,,,,,,,0,0.0,4,2,2,2,,0,,,0,,,,,,,,,,,,,,,,,,,2004.0
ReesIk99,Ike Reese,phi,,,,,,,,,,,,,,,,,,,,,,,,,0,0.0,3,2,1,0,,0,,,0,,,,,,,,,,,,,,,,,,,2004.0
LabiMi20,Mike Labinjo,phi,,,,,,,,,,,,,,,,,,,,,,,,,0,0.0,2,1,1,0,,0,,,0,,,,,,,,,,,,,,,,,,,2004.0
RaybSa20,Sam Rayburn,phi,,,,,,,,,,,,,,,,,,,,,,,,,0,0.0,1,1,0,0,,0,,,0,,,,,,,,,,,,,,,,,,,2004.0
ReedJ.20,J.R. Reed,phi,,,,,,,,,,,,,,,,,,,,,,,,,,,,,,,,,,,,4,82,20.5,0,26,0,0,,0,0,,,,,,,,,2004.0
akersdav01,David Akers,phi,,,,,,,,,,,,,,,,,,,,,,,,,,,,,,,,,,,,,,,,,,,,,,3,3,,,0,0,,0,2004.0
JohnDi20,Dirk Johnson,phi,,,,,,,,,,,,,,,,,,,,,,,,,,,,,,,,,,,,,,,,,,,,,,,,,,5,214,42.8,52,2004.0
DelhJa00,Jake Delhomme,car,16,33,323,3,0,4,28,85,113.6,0,0,0,0,0,0,0,0,0,1,1,,,,,,,,,,,,,,,,,,,,,,,,,,,,,,,,,,2003.0
SmitSt01,Steve Smith,car,0,0,0,0,0,0,,0,,0,0,0,0,9,4,80,1,39,0,,,,,,,,,,,,,,,,,1,30,30.0,0,30,1,2,2.0,0,2,,,,,,,,,2003.0
DaviSt00,Stephen Davis,car,0,0,0,0,0,,,0,,13,49,0,21,0,0,0,0,0,0,,,,,,,,,,,,,,,,,,,,,,,,,,,,,,,,,,,2003.0
FostDe00,DeShaun Foster,car,0,0,0,0,0,,,0,,3,43,1,33,2,1,9,0,9,0,,,,,,,,,,,,,,,,,,,,,,,,,,,,,,,,,,,2003.0
MuhaMu00,Muhsin Muhammad,car,0,0,0,0,0,,,0,,0,0,0,0,10,4,140,1,85,0,,,,,,,,,,,,,,,,,,,,,,,,,,,,,,,,,,,2003.0
ProeRi00,Ricky Proehl,car,0,0,0,0,0,,,0,,0,0,0,0,5,4,71,1,31,0,,,,,,,,,,,,,,,,,,,,,,,,,,,,,,,,,,,2003.0
WiggJe00,Jermaine Wiggins,car,0,0,0,0,0,,0,0,,0,0,0,0,2,2,21,0,15,0,,,,,,,,,,,,,,,,,,,,,,,,,,,,,,,,,,,2003.0
MangKr00,Kris Mangum,car,0,0,0,0,0,,,0,,0,0,0,0,3,1,2,0,2,0,,,,,,,,,,,,,,,,,1,12,12.0,0,12,0,0,,0,0,,,,,,,,,2003.0
HoovBr00,Brad Hoover,car,0,0,0,0,0,,,0,,0,0,0,0,1,0,0,0,0,0,,0,0,0,0,0,0.0,1,1,0,0,,0,0,0,0,,,,,,,,,,,,,,,,,,,2003.0
HowaRe21,Reggie Howard,car,,,,,,,,,,,,,,,,,,,,,1,12,0,12,1,0.0,6,6,0,0,,0,0,0,0,,,,,,,,,,,,,,,,,,,2003.0
MorgDa99,Dan Morgan,car,,,,,,,,,,,,,,,,,,,,,0,0,0,0,0,0.0,18,11,7,0,,0,0,0,0,,,,,,,,,,,,,,,,,,,2003.0
MintMi21,Mike Minter,car,,,,,,,,,,,,,,,,,,,,,0,0,0,0,1,0.0,14,9,5,0,,0,0,0,0,,,,,,,,,,,,,,,,,,,2003.0
WithWi20,Will Witherspoon,car,,,,,,,,,,,,,,,,,,,,,0,0,0,0,0,0.0,13,7,6,1,,0,0,0,0,,,,,,,,,,,,,,,,,,,2003.0
MannRi20,Ricky Manning,car,,,,,,,,,,,,,,,,,,,,,0,0,0,0,0,0.0,6,4,2,0,,0,0,0,0,,,,,,,,,,,,,,,,,,,2003.0
GranDe21,Deon Grant,car,,,,,,,,,,,,,,,,,,,,,0,0,0,0,1,0.0,5,3,2,0,,0,0,0,0,,,,,,,,,,,,,,,,,,,2003.0
BuckBr20,Brentson Buckner,car,,,,,,,,,,,,,,,,,,,,,0,0,0,0,0,0.0,3,1,2,0,,0,0,0,0,,,,,,,,,,,,,,,,,,,2003.0
FavoGr20,Greg Favors,car,,,,,,,,,,,,,,,,,,,,,0,0,0,0,0,0.0,3,3,0,0,,0,0,0,0,,,,,,,,,,,,,,,,,,,2003.0
JenkKr00,Kris Jenkins,car,,,,,,,,,,,,,,,,,,,,,0,0,0,0,0,0.0,3,3,0,0,,0,0,0,0,,,,,,,,,,,,,,,,,,,2003.0
PeppJu99,Julius Peppers,car,,,,,,,,,,,,,,,,,,,,,0,0,0,0,0,0.0,2,2,0,0,,0,0,0,0,,,,,,,,,,,,,,,,,,,2003.0
RuckMi20,Mike Rucker,car,,,,,,,,,,,,,,,,,,,,,0,0,0,0,0,0.0,2,1,1,0,,0,0,0,0,,,,,,,,,,,,,,,,,,,2003.0
SaueTo20,Todd Sauerbrun,car,,,,,,,,,,,,,,,,,,,,,0,0,0,0,0,0.0,1,1,0,0,,0,0,0,0,,,,,,,,,,,,,,,7,310,44.3,51,2003.0
SmarRo00,Rod Smart,car,,,,,,,,,,,,,,,,,,,,,0,0,0,0,0,0.0,1,1,0,0,,0,0,0,0,4,74,18.5,0,22,0,0,,0,0,,,,,,,,,2003.0
CousTe20,Terry Cousin,car,,,,,,,,,,,,,,,,,,,,,,,,,2,0.0,7,3,4,0,,0,,,0,,,,,,,,,,,,,,,,,,,2003.0
WallAl20,Al Wallace,car,,,,,,,,,,,,,,,,,,,,,,,,,0,0.0,6,3,3,0,,0,,,0,,,,,,,,,,,,,,,,,,,2003.0
BurtSh20,Shane Burton,car,,,,,,,,,,,,,,,,,,,,,,,,,0,0.0,5,3,2,1,,0,,,0,,,,,,,,,,,,,,,,,,,2003.0
CoopJa20,Jarrod Cooper,car,,,,,,,,,,,,,,,,,,,,,,,,,0,0.0,3,1,2,0,,0,,,0,,,,,,,,,,,,,,,,,,,2003.0
AlleBr21,Brian Allen,car,,,,,,,,,,,,,,,,,,,,,,,,,0,0.0,1,1,0,0,,0,,,0,,,,,,,,,,,,,,,,,,,2003.0
BranCo20,Colin Branch,car,,,,,,,,,,,,,,,,,,,,,,,,,0,0.0,1,1,0,0,,0,,,0,,,,,,,,,,,,,,,,,,,2003.0
CiurVi20,Vinny Ciurciu,car,,,,,,,,,,,,,,,,,,,,,,,,,0,0.0,1,0,1,0,,0,,,0,,,,,,,,,,,,,,,,,,,2003.0
HankKa00,Karl Hankton,car,,,,,,,,,,,,,,,,,,,,,,,,,0,0.0,1,1,0,0,,0,,,0,,,,,,,,,,,,,,,,,,,2003.0
RasmKe20,Kemp Rasmussen,car,,,,,,,,,,,,,,,,,,,,,,,,,0,0.0,1,1,0,0,,0,,,0,,,,,,,,,,,,,,,,,,,2003.0
WeslDa20,Dante Wesley,car,,,,,,,,,,,,,,,,,,,,,,,,,0,0.0,1,0,1,0,,0,,,0,,,,,,,,,,,,,,,,,,,2003.0
WillMa27,Matt Willig,car,,,,,,,,,,,,,,,,,,,,,,,,,0,0.0,1,0,1,0,,0,,,0,,,,,,,,,,,,,,,,,,,2003.0
kasayjoh01,John Kasay,car,,,,,,,,,,,,,,,,,,,,,,,,,,,,,,,,,,,,,,,,,,,,,,2,2,1,1,0,0,,0,2003.0
BradTo00,Tom Brady,nwe,32,48,354,3,1,0,0,52,100.5,2,12,0,12,0,0,0,0,0,0,,,,,,,,,,,,,,,,,,,,,,,,,,,,,,,,,,,2003.0
SmitAn00,Antowain Smith,nwe,0,0,0,0,0,,,0,,26,83,1,9,0,0,0,0,0,0,,,,,,,,,,,,,,,,,,,,,,,,,,,,,,,,,,,2003.0
FaulKe00,Kevin Faulk,nwe,0,0,0,0,0,,,0,,6,42,0,23,4,4,19,0,7,0,,,,,,,,,,,,,,,,,,,,,,,,,,,,,,,,,,,2003.0
BranDe00,Deion Branch,nwe,0,0,0,0,0,,,0,,0,0,0,0,13,10,143,1,52,0,,,,,,,,,,,,,,,,,0,0,,0,0,1,2,2.0,0,2,,,,,,,,,2003.0
GiveDa00,David Givens,nwe,0,0,0,0,0,,,0,,0,0,0,0,11,5,69,1,25,0,,,,,,,,,,,,,,,,,,,,,,,,,,,,,,,,,,,2003.0
GrahDa00,Daniel Graham,nwe,0,0,0,0,0,,,0,,0,0,0,0,4,4,46,0,33,0,,,,,,,,,,,,,,,,,,,,,,,,,,,,,,,,,,,2003.0
VrabMi20,Mike Vrabel,nwe,0,0,0,0,0,,,0,,0,0,0,0,1,1,1,1,1,0,,0,0,0,0,0,2.0,6,4,2,1,,0,0,0,1,,,,,,,,,,,,,,,,,,,2003.0
JohnBe00,Bethel Johnson,nwe,0,0,0,0,0,,,0,,0,0,0,0,1,0,0,0,0,0,0,0,0,0,0,0,0.0,1,1,0,0,,0,0,0,0,4,78,19.5,0,29,0,0,,0,0,,,,,,,,,2003.0
CentLa00,Larry Centers,nwe,0,0,0,0,0,,,0,,0,0,0,0,1,0,0,0,0,0,,,,,,,,,,,,,,,,,,,,,,,,,,,,,,,,,,,2003.0
BrowTr00,Troy Brown,nwe,0,0,0,0,0,,,0,,1,-10,0,-10,10,8,76,0,13,1,0,0,0,0,0,0,0.0,,,,,,1,0,0,0,0,0,,0,0,4,40,10.0,0,28,,,,,,,,,2003.0
FaurCh00,Christian Fauria,nwe,,,,,,,,,,,,,,1,0,0,0,,,,,,,,,,,,,,,,,,,,,,,,,,,,,,,,,,,,,2003.0
WardDe00,Dedric Ward,nwe,,,,,,,,,,,,,,1,0,0,0,,,,,,,,,,,,,,,,,,,,,,,,,,,,,,,,,,,,,2003.0
HarrRo01,Rodney Harrison,nwe,,,,,,,,,,,,,,,,,,,,,0,0,0,0,1,1.0,9,8,1,2,,0,0,0,0,,,,,,,,,,,,,,,,,,,2003.0
McGiWi00,Willie McGinest,nwe,,,,,,,,,,,,,,,,,,,,,0,0,0,0,1,1.0,4,1,3,1,,0,0,0,0,,,,,,,,,,,,,,,,,,,2003.0
LawxTy00,Ty Law,nwe,,,,,,,,,,,,,,,,,,,,,0,0,0,0,1,0.0,5,5,0,0,,0,0,0,0,,,,,,,,,,,,,,,,,,,2003.0
PhifRo20,Roman Phifer,nwe,,,,,,,,,,,,,,,,,,,,,0,0,0,0,0,0.0,5,4,1,0,,0,0,0,0,,,,,,,,,,,,,,,,,,,2003.0
BrusTe99,Tedy Bruschi,nwe,,,,,,,,,,,,,,,,,,,,,0,0,0,0,0,0.0,4,2,2,0,,0,0,0,0,,,,,,,,,,,,,,,,,,,2003.0
HamiBo20,Bobby Hamilton,nwe,,,,,,,,,,,,,,,,,,,,,0,0,0,0,0,0.0,4,3,1,1,,0,0,0,0,,,,,,,,,,,,,,,,,,,2003.0
PoolTy20,Tyrone Poole,nwe,,,,,,,,,,,,,,,,,,,,,0,0,0,0,1,0.0,3,1,2,0,,0,0,0,0,,,,,,,,,,,,,,,,,,,2003.0
SeymRi00,Richard Seymour,nwe,,,,,,,,,,,,,,,,,,,,,0,0,0,0,1,0.0,2,2,0,0,,1,0,0,0,,,,,,,,,,,,,,,,,,,2003.0
vinatada01,Adam Vinatieri,nwe,,,,,,,,,,,,,,,,,,,,,0,0,0,0,0,0.0,1,1,0,0,,0,0,0,0,,,,,,,,,,,3,3,1,3,0,0,,0,2003.0
WashTe01,Ted Washington,nwe,,,,,,,,,,,,,,,,,,,,,0,0,0,0,1,0.0,0,0,0,0,,0,0,0,0,,,,,,,,,,,,,,,,,,,2003.0
WilsEu20,Eugene Wilson,nwe,,,,,,,,,,,,,,,,,,,,,0,0,0,0,2,0.0,0,0,0,0,,0,0,0,0,,,,,,,,,,,,,,,,,,,2003.0
ChatMa20,Matt Chatham,nwe,,,,,,,,,,,,,,,,,,,,,,,,,0,0.0,2,2,0,0,,0,,,0,,,,,,,,,,,,,,,,,,,2003.0
AkinCh20,Chris Akins,nwe,,,,,,,,,,,,,,,,,,,,,,,,,1,0.0,1,1,0,0,,0,,,0,,,,,,,,,,,,,,,,,,,2003.0
CherJe20,Je'Rod Cherry,nwe,,,,,,,,,,,,,,,,,,,,,,,,,0,0.0,1,1,0,0,,0,,,0,,,,,,,,,,,,,,,,,,,2003.0
IzzoLa00,Larry Izzo,nwe,,,,,,,,,,,,,,,,,,,,,,,,,0,0.0,1,1,0,0,,0,,,0,,,,,,,,,,,,,,,,,,,2003.0
MayeSh20,Shawn Mayer,nwe,,,,,,,,,,,,,,,,,,,,,,,,,0,0.0,1,1,0,0,,0,,,0,,,,,,,,,,,,,,,,,,,2003.0
GreeJa21,Jarvis Green,nwe,,,,,,,,,,,,,,,,,,,,,,,,,1,0.0,0,0,0,0,,0,,,0,,,,,,,,,,,,,,,,,,,2003.0
WarrTy20,Ty Warren,nwe,,,,,,,,,,,,,,,,,,,,,,,,,1,0.0,0,0,0,0,,0,,,0,,,,,,,,,,,,,,,,,,,2003.0
WaltKe20,Ken Walter,nwe,,,,,,,,,,,,,,,,,,,,,,,,,,,,,,,,,,,,,,,,,,,,,,,,,,5,173,34.6,51,2003.0
BradTo00,Tom Brady,nwe,16,27,145,1,0,1,7,23,86.2,1,3,0,3,0,0,0,0,0,0,,,,,,,,,,,,,,,,,,,,,,,,,,,,,,,,,,,2001.0
FaulKe00,Kevin Faulk,nwe,0,0,0,0,0,1,4,0,,2,15,0,8,2,1,-1,0,-1,0,,,,,,,,,,,,,,,,,,,,,,,,,,,,,,,,,,,2001.0
SmitAn00,Antowain Smith,nwe,0,0,0,0,0,,,0,,18,92,0,17,1,1,4,0,4,0,,,,,,,,,,,,,,,,,,,,,,,,,,,,,,,,,,,2001.0
PattDa00,David Patten,nwe,0,0,0,0,0,,,0,,1,22,0,22,4,1,8,1,8,0,,,,,,,,,,,,,,,,,,,,,,,,,,,,,,,,,,,2001.0
EdwaMa00,Marc Edwards,nwe,0,0,0,0,0,,,0,,2,5,0,3,2,2,7,0,5,0,,,,,,,,,,,,,,,,,,,,,,,,,,,,,,,,,,,2001.0
BrowTr00,Troy Brown,nwe,0,0,0,0,0,,,0,,0,0,0,0,6,6,89,0,23,0,,,,,,,,,,,,,,,,,1,15,15.0,0,15,1,4,4.0,0,4,,,,,,,,,2001.0
WiggJe00,Jermaine Wiggins,nwe,0,0,0,0,0,,0,0,,0,0,0,0,4,2,14,0,8,0,,,,,,,,,,,,,,,,,,,,,,,,,,,,,,,,,,,2001.0
PassPa00,Patrick Pass,nwe,0,0,0,0,0,,,0,,0,0,0,0,1,0,0,0,0,0,,0,0,0,0,0,0.0,1,0,1,0,,0,0,0,0,3,85,28.3,0,35,0,0,,0,0,,,,,,,,,2001.0
RedmJ.00,J.R. Redmond,nwe,0,0,0,0,0,,,0,,1,-4,0,-4,3,3,24,0,11,0,,,,,,,,,,,,,,,,,,,,,,,,,,,,,,,,,,,2001.0
LawxTy00,Ty Law,nwe,,,,,,,,,,,,,,,,,,,,,1,47,1,47,1,0.0,7,7,0,1,,0,0,0,0,,,,,,,,,,,,,,,,,,,2001.0
SmitOt20,Otis Smith,nwe,,,,,,,,,,,,,,,,,,,,,1,30,0,30,0,0.0,7,6,1,0,,0,0,0,0,,,,,,,,,,,,,,,,,,,2001.0
McGiWi00,Willie McGinest,nwe,,,,,,,,,,,,,,,,,,,,,0,0,0,0,1,1.0,6,5,1,3,,0,0,0,0,,,,,,,,,,,,,,,,,,,2001.0
HamiBo20,Bobby Hamilton,nwe,,,,,,,,,,,,,,,,,,,,,0,0,0,0,0,1.0,3,0,3,0,,0,0,0,0,,,,,,,,,,,,,,,,,,,2001.0
SeymRi00,Richard Seymour,nwe,,,,,,,,,,,,,,,,,,,,,0,0,0,0,0,1.0,3,3,0,2,,0,0,0,0,,,,,,,,,,,,,,,,,,,2001.0
PhifRo20,Roman Phifer,nwe,,,,,,,,,,,,,,,,,,,,,0,0,0,0,0,0.0,6,2,4,0,,0,0,0,0,,,,,,,,,,,,,,,,,,,2001.0
JoneTe20,Tebucky Jones,nwe,,,,,,,,,,,,,,,,,,,,,0,0,0,0,1,0.0,4,3,1,0,,0,0,0,0,,,,,,,,,,,,,,,,,,,2001.0
VrabMi20,Mike Vrabel,nwe,,,,,,,,,,,,,,,,,,,,,0,0,0,0,0,0.0,4,3,1,1,,0,0,0,0,,,,,,,,,,,,,,,,,,,2001.0
BrusTe99,Tedy Bruschi,nwe,,,,,,,,,,,,,,,,,,,,,0,0,0,0,0,0.0,3,2,1,0,,1,0,0,0,,,,,,,,,,,,,,,,,,,2001.0
MillLa00,Lawyer Milloy,nwe,,,,,,,,,,,,,,,,,,,,,0,0,0,0,1,0.0,3,3,0,0,,0,0,0,0,,,,,,,,,,,,,,,,,,,2001.0
PleaAn20,Anthony Pleasant,nwe,,,,,,,,,,,,,,,,,,,,,0,0,0,0,0,0.0,3,3,0,2,,0,0,0,0,,,,,,,,,,,,,,,,,,,2001.0
WaltKe20,Ken Walter,nwe,,,,,,,,,,,,,,,,,,,,,0,0,0,0,0,0.0,1,1,0,0,,0,0,0,0,,,,,,,,,,,,,,,8,345,43.1,53,2001.0
BuckTe20,Terrell Buckley,nwe,,,,,,,,,,,,,,,,,,,,,0,0,0,0,1,0.0,0,0,0,0,,0,15,15,0,,,,,,,,,,,,,,,,,,,2001.0
JohnTe20,Ted Johnson,nwe,,,,,,,,,,,,,,,,,,,,,,,,,0,0.0,3,1,2,1,,0,,,0,,,,,,,,,,,,,,,,,,,2001.0
HarrAn21,Antwan Harris,nwe,,,,,,,,,,,,,,,,,,,,,,,,,0,0.0,2,2,0,0,,0,,,0,,,,,,,,,,,,,,,,,,,2001.0
ShawTe20,Terrance Shaw,nwe,,,,,,,,,,,,,,,,,,,,,,,,,2,0.0,2,2,0,0,,0,,,0,,,,,,,,,,,,,,,,,,,2001.0
StevMa22,Matt Stevens,nwe,,,,,,,,,,,,,,,,,,,,,,,,,0,0.0,2,1,1,0,,0,,,0,,,,,,,,,,,,,,,,,,,2001.0
ChatMa20,Matt Chatham,nwe,,,,,,,,,,,,,,,,,,,,,,,,,0,0.0,1,1,0,0,,0,,,0,,,,,,,,,,,,,,,,,,,2001.0
CherJe20,Je'Rod Cherry,nwe,,,,,,,,,,,,,,,,,,,,,,,,,0,0.0,1,1,0,0,,0,,,0,,,,,,,,,,,,,,,,,,,2001.0
ColeFr00,Fred Coleman,nwe,,,,,,,,,,,,,,,,,,,,,,,,,0,0.0,1,1,0,0,,0,,,0,,,,,,,,,,,,,,,,,,,2001.0
CoxxBr00,Bryan Cox,nwe,,,,,,,,,,,,,,,,,,,,,,,,,0,0.0,1,1,0,0,,0,,,0,,,,,,,,,,,,,,,,,,,2001.0
IzzoLa00,Larry Izzo,nwe,,,,,,,,,,,,,,,,,,,,,,,,,0,0.0,1,0,1,0,,0,,,0,,,,,,,,,,,,,,,,,,,2001.0
vinatada01,Adam Vinatieri,nwe,,,,,,,,,,,,,,,,,,,,,,,,,,,,,,,,,,,,,,,,,,,,,,2,2,2,2,0,0,,0,2001.0
WarnKu00,Kurt Warner,ram,28,44,365,1,2,3,28,30,78.3,3,6,1,5,0,0,0,0,0,1,0,0,0,0,0,0,0.0,,,,,,1,0,0,0,,,,,,,,,,,,,,,,,,,2001.0
FaulMa00,Marshall Faulk,ram,0,0,0,0,0,,,0,,17,76,0,15,4,4,54,0,18,0,,,,,,,,,,,,,,,,,1,1,1.0,0,1,0,0,,0,0,,,,,,,,,2001.0
HakiAz00,Az-Zahir Hakim,ram,0,0,0,0,0,,,0,,1,5,0,5,8,5,90,0,29,0,,,,,,,,,,,,,,,,,,,,,,,,,,,,,,,,,,,2001.0
HodgJa00,James Hodgins,ram,0,0,0,0,0,,,0,,1,3,0,3,1,1,8,0,8,0,,,,,,,,,,,,,,,,,,,,,,,,,,,,,,,,,,,2001.0
ProeRi00,Ricky Proehl,ram,0,0,0,0,0,,,0,,0,0,0,0,5,3,71,1,30,1,1,,,,,,,,,,,,,,,,,,,,,,,,,,,,,,,,,,2001.0
BrucIs00,Isaac Bruce,ram,0,0,0,0,0,,,0,,0,0,0,0,7,5,56,0,22,0,,,,,,,,,,,,,,,,,,,,,,,,,,,,,,,,,,,2001.0
HoltTo00,Torry Holt,ram,0,0,0,0,0,,,0,,0,0,0,0,12,5,49,0,18,0,,,,,,,,,,,,,,,,,,,,,,,,,,,,,,,,,,,2001.0
RobiJe00,Jeff Robinson,ram,0,0,0,0,0,,,0,,0,0,0,0,2,2,18,0,12,0,,,,,,,,,,,,,,,,,,,,,,,,,,,,,,,,,,,2001.0
MurpYo00,Yo Murphy,ram,0,0,0,0,0,,,0,,0,0,0,0,1,1,11,0,11,0,,,,,,,,,,,,,,,,,3,81,27.0,0,38,0,0,,0,0,,,,,,,,,2001.0
ConwEr00,Ernie Conwell,ram,0,0,0,0,0,,,0,,0,0,0,0,3,2,8,0,9,0,,,,,,,,,,,,,,,,,,,,,,,,,,,,,,,,,,,2001.0
WistGr20,Grant Wistrom,ram,,,,,,,,,,,,,,,,,,,,,0,0,0,0,0,1.0,4,3,1,1,,0,0,0,0,,,,,,,,,,,,,,,,,,,2001.0
LittLe00,Leonard Little,ram,,,,,,,,,,,,,,,,,,,,,0,0,0,0,0,1.0,2,2,0,1,,0,0,0,1,,,,,,,,,,,,,,,,,,,2001.0
PollTo21,Tommy Polley,ram,,,,,,,,,,,,,,,,,,,,,0,0,0,0,0,0.0,11,7,4,0,,0,0,0,0,,,,,,,,,,,,,,,,,,,2001.0
WillAe00,Aeneas Williams,ram,,,,,,,,,,,,,,,,,,,,,0,0,0,0,2,0.0,8,7,1,0,,0,0,0,0,,,,,,,,,,,,,,,,,,,2001.0
McClDe21,Dexter McCleon,ram,,,,,,,,,,,,,,,,,,,,,0,0,0,0,0,0.0,5,5,0,0,,0,0,0,0,,,,,,,,,,,,,,,,,,,2001.0
ArchAd20,Adam Archuleta,ram,,,,,,,,,,,,,,,,,,,,,0,0,0,0,0,0.0,4,4,0,0,,0,0,0,0,,,,,,,,,,,,,,,,,,,2001.0
HerrKi20,Kim Herring,ram,,,,,,,,,,,,,,,,,,,,,0,0,0,0,1,0.0,3,3,0,0,,0,0,0,0,,,,,,,,,,,,,,,,,,,2001.0
ZgonJe20,Jeff Zgonina,ram,,,,,,,,,,,,,,,,,,,,,0,0,0,0,0,0.0,3,3,0,1,,0,0,0,0,,,,,,,,,,,,,,,,,,,2001.0
BlyxDr00,Dre' Bly,ram,,,,,,,,,,,,,,,,,,,,,0,0,0,0,0,0.0,2,2,0,0,,0,0,0,0,0,0,,0,0,3,6,2.0,0,7,,,,,,,,,2001.0
FletLo20,London Fletcher,ram,,,,,,,,,,,,,,,,,,,,,0,0,0,0,0,0.0,2,2,0,1,,0,0,0,0,,,,,,,,,,,,,,,,,,,2001.0
YounBr20,Brian Young,ram,,,,,,,,,,,,,,,,,,,,,0,0,0,0,0,0.0,2,2,0,0,,1,0,0,0,,,,,,,,,,,,,,,,,,,2001.0
AhanCh20,Chidi Ahanotu,ram,,,,,,,,,,,,,,,,,,,,,0,0,0,0,1,0.0,1,1,0,0,,0,0,0,0,,,,,,,,,,,,,,,,,,,2001.0
DaviDo22,Don Davis,ram,,,,,,,,,,,,,,,,,,,,,0,0,0,0,0,0.0,1,1,0,1,,0,0,0,0,,,,,,,,,,,,,,,,,,,2001.0
wilkijef01,Jeff Wilkins,ram,,,,,,,,,,,,,,,,,,,,,0,0,0,0,0,0.0,1,1,0,0,,0,0,0,0,,,,,,,,,,,2,2,1,2,0,0,,0,2001.0
CaniTr00,Trung Canidate,ram,,,,,,,,,,,,,,,,,,,,,,,,,0,0.0,3,3,0,0,,0,,,0,,,,,,,,,,,,,,,,,,,2001.0
MoraSe20,Sean Moran,ram,,,,,,,,,,,,,,,,,,,,,,,,,0,0.0,2,1,1,0,,0,,,0,,,,,,,,,,,,,,,,,,,2001.0
BrigO.20,O.J. Brigance,ram,,,,,,,,,,,,,,,,,,,,,,,,,0,0.0,1,1,0,0,,0,,,0,,,,,,,,,,,,,,,,,,,2001.0
FielMa99,Mark Fields,ram,,,,,,,,,,,,,,,,,,,,,,,,,0,0.0,1,1,0,0,,0,,,0,,,,,,,,,,,,,,,,,,,2001.0
PickRy20,Ryan Pickett,ram,,,,,,,,,,,,,,,,,,,,,,,,,0,0.0,1,0,1,0,,0,,,0,,,,,,,,,,,,,,,,,,,2001.0
SoreNi20,Nick Sorensen,ram,,,,,,,,,,,,,,,,,,,,,,,,,0,0.0,0,0,0,0,,1,,,0,,,,,,,,,,,,,,,,,,,2001.0
BakeJo21,John Baker,ram,,,,,,,,,,,,,,,,,,,,,,,,,,,,,,,,,,,,,,,,,,,,,,,,,,4,159,39.8,49,2001.0
